SampleID,LocationName,LocationID,SampleDate,Latitude,Longitude,Units,PCB1,PCB2,PCB3,PCB4,PCB5,PCB6,PCB7,PCB8,PCB9,PCB10,PCB11,PCB12+13,PCB14,PCB15,PCB16,PCB17,PCB18+30,PCB19,PCB20+28,PCB21+33,PCB22,PCB23,PCB24,PCB25,PCB26+29,PCB27,PCB31,PCB32,PCB34,PCB35,PCB36,PCB37,PCB38,PCB39,PCB40+41+71,PCB42,PCB43,PCB44+47+65,PCB45+51,PCB46,PCB48,PCB49+69,PCB50+53,PCB52,PCB54,PCB55,PCB56,PCB57,PCB58,PCB59+62+75,PCB60,PCB61+70+74+76,PCB63,PCB64,PCB66,PCB67,PCB68,PCB72,PCB73,PCB77,PCB78,PCB79,PCB80,PCB81,PCB82,PCB83+99,PCB84,PCB85+116+117,PCB86+87+97+108+119+125,PCB88+91,PCB89,PCB90+101+113,PCB92,PCB93+95+98+100+102,PCB94,PCB96,PCB103,PCB104,PCB105,PCB106,PCB107+124,PCB109,PCB110+115,PCB111,PCB112,PCB114,PCB118,PCB120,PCB121,PCB122,PCB123,PCB126,PCB127,PCB128+166,PCB129+138+160+163,PCB130,PCB131,PCB132,PCB133,PCB134+143,PCB135+151+154,PCB136,PCB137,PCB139+140,PCB141,PCB142,PCB144,PCB145,PCB146,PCB147+149,PCB148,PCB150,PCB152,PCB153+168,PCB155,PCB156+157,PCB158,PCB159,PCB161,PCB162,PCB164,PCB165,PCB167,PCB169,PCB170,PCB171+173,PCB172,PCB174,PCB175,PCB176,PCB177,PCB178,PCB179,PCB180+193,PCB181,PCB182,PCB183+185,PCB184,PCB186,PCB187,PCB188,PCB189,PCB190,PCB191,PCB192,PCB194,PCB195,PCB196,PCB197+200,PCB198+199,PCB201,PCB202,PCB203,PCB204,PCB205,PCB206,PCB207,PCB208,PCB209
WCPCB_OR-POH005-20180821.1,Willamette River at NW Front Ave,WCPCB_OR-POH005,8/21/18,45.5583833,-122.7186394,pg/L,1.738,0.332,0.74425,36.45,0.1485,1.735,0.9475,7.2025,0.36325,1.4825,10.525,0.201,NA,2.8575,3.7025,10.2275,1.705,28.3525,3.8,1.62,1.0475,NA,0.14425,2.6775,0.62,1.87,7.55,4.29,0.0925,0.15175,0.11275,0.825,NA,0.062,1.79,2.0025,0.25075,11.95,4.225,0.21975,1.3525,2.775,0.9375,11.825,1.9555,NA,1.4375,NA,NA,0.3125,1.1175,5.325,0.1235,1.33,5.4625,0.14575,11.255,0.06325,NA,0.49,NA,0.07125,NA,NA,0.6975,3.975,1.365,1.13,4.425,1.085,0.11225,6.6,1.345,5.2,0.176,0.18375,0.31875,0.07725,2.4125,NA,0.20975,0.45,6.9,NA,NA,0.10125,6.47,0.055775,NA,0.0605,0.10925,0.06445,NA,1.535,9.75,0.5825,0.13825,0.9475,0.0645,0.5475,3.625,0.565,0.06925,0.18475,2.2875,NA,0.594,NA,2.5225,10,0.053,0.083275,0.034825,8.725,0.004875,0.91,0.84,NA,NA,NA,0.6875,NA,0.35,NA,0.211,0.785,0.4325,2.785,0.11675,0.335,1.34,0.65,1.1625,6.575,0.028,NA,1.7875,NA,NA,4.25,0.016125,0.05825,0.4775,0.09275,NA,0.07825,0.5525,0.71175,0.2675,1.7425,0.2205,0.033,1.174,NA,0.06775,0.9675,0.13505,0.355,0.02575
WCPCB_OR-POH005-20180821.2,Willamette River at NW Front Ave,WCPCB_OR-POH005,8/21/18,45.5583833,-122.7186394,pg/L,0.173,0.15875,0.20675,35.5,0.07375,0.2825,0.335,1.0275,0.08325,NA,7.45,0.6735,NA,0.8125,0.6775,1.7025,9.03,1.3525,9.725,8.845,3.0375,NA,0.02975,0.7675,2.0975,0.2375,4.925,0.34,0.0475,0.0755,0.06525,1.6975,NA,0.11725,4.28,0.925,0.10975,38.2,108.975,1.06225,0.595,7.225,4.2125,4.45,1.715,0.10825,2.495,NA,NA,0.765,0.6425,9.475,0.22175,2.9275,3.175,0.08275,2.18,0.11875,0.169725,0.3525,NA,0.081475,NA,NA,1.0175,5.98,2.5175,1.6475,6.6175,1.96,0.0665,10.325,2.1025,10.05,0.09225,0.07825,0.14925,0.03475,1.79,NA,0.28825,0.65175,10.725,NA,NA,0.142,4.725,0.042,NA,0.0925,0.07875,0.04725,NA,1.7875,11.9775,0.7085,0.11075,4.2475,0.256,0.715,5.005,1.84,0.47425,0.22525,1.8275,NA,0.45,NA,2.075,12.9,0.06955,0.0635,0.021875,10.7625,0.019575,1.03625,1.013,NA,NA,NA,0.84975,NA,0.40175,NA,2.4035,0.86925,0.48275,0.315,0.129075,0.3815,1.48725,0.744,1.3665,7.2175,0.0313,NA,2.007,0.013263,NA,4.63,0.019125,0.0651,0.52175,0.099575,NA,1.37575,0.5825,0.665,0.28605,1.86925,0.233125,0.488,1.09,NA,0.072175,1.0225,0.12375,0.372125,1.14075
WCPCB_OR-POH005-20180821.3,Willamette River at NW Front Ave,WCPCB_OR-POH005,8/21/18,45.5583833,-122.7186394,pg/L,1.565,0.17325,0.5375,0.95,NA,1.4525,0.6125,6.175,0.28,1.415,3.075,0.4725,NA,2.045,3.025,8.525,7.325,27,5.925,7.225,1.99,NA,0.1145,1.91,1.4775,1.6325,2.625,3.95,0.045,0.07625,0.0475,0.8725,NA,0.05525,2.49,1.0775,0.141,26.25,104.75,0.8425,0.7575,4.45,3.275,7.375,0.2405,0.063,1.0575,NA,NA,0.4525,0.475,4.15,0.09825,1.5975,2.2875,0.063,9.075,0.0555,0.15875,0.1375,NA,NA,NA,NA,0.32,2.005,1.1525,0.5175,2.1925,0.875,0.04575,3.725,0.7575,4.85,0.08375,0.1055,0.1695,0.0425,0.6225,NA,0.0785,0.20175,3.825,NA,NA,0.04075,1.745,NA,NA,0.032,0.0305,NA,NA,0.2525,2.2275,0.126,0.0275,3.3,0.1915,0.1675,1.38,1.275,0.405,0.0405,0.46,NA,0.144,NA,0.4475,2.9,0.01655,0.019775,0.01295,2.0375,0.0147,0.12625,0.173,NA,NA,NA,0.16225,NA,0.05175,NA,2.1925,0.08425,0.05025,2.47,0.012325,0.0465,0.14725,0.094,0.204,0.6425,0.0033,NA,0.2195,0.002288,NA,0.38,0.003,0.00685,0.04425,0.006825,NA,1.2975,0.03,0.04675,0.01855,0.12675,0.012625,0.455,0.084,NA,0.004425,0.055,0.0113,0.017125,1.115
WCPCB_OR-POH003-20180822.1,Willamette River at Kingsley Community Garden,WCPCB_OR-POH003,8/22/18,45.6068885,-122.7841601,pg/L,1.299,0.4115,0.58775,16.53,0.25275,1.5425,0.725,6.565,0.485,1.04275,16.075,0.3575,NA,3.2925,3.815,7.9375,8.53,14.31,5.75,2.2825,4.085,NA,0.14825,3.115,0.7625,1.27,9.275,2.875,0.0955,0.24775,0.16875,2.5825,NA,0.13525,2.625,3.095,0.504,42.575,3.825,1.215,2,3.75,1.12,15.65,1.47575,NA,3.65,0.03425,0.0785,0.4775,1.6925,7.125,0.34425,4.68,8.35,0.20025,17.8675,0.18175,0.203875,0.7045,NA,0.13425,NA,NA,0.58,4.8,1.84,1.4275,5.3,1.335,0.16875,8.1,1.305,6.35,0.2215,0.22325,0.236,0.05125,0.97,NA,0.31,0.8925,8.9,NA,NA,0.20975,2.625,0.077875,0.011825,0.10675,0.18425,NA,NA,2.345,14.575,0.21375,0.21175,1.41,0.085,0.695,4.725,0.7525,0.09875,0.23975,0.6275,NA,0.7765,NA,0.665,13.025,0.096625,0.028,0.030875,12.1,0.003875,1.6215,1.2375,0.02775,NA,NA,0.995,NA,0.082,NA,0.2875,1.066,0.07225,0.4975,0.02035,0.07275,0.227,0.12975,0.2825,9.2375,0.0415,0.00475,2.285,0.0143,NA,0.76,0.0184,0.010075,0.0745,0.1215,NA,0.12575,0.0495,0.08575,0.35,2.4475,0.02925,0.04975,0.159,NA,0.093,0.13575,0.024475,0.059,0.04725
WCPCB_OR-POH003-20180822.2,Willamette River at Kingsley Community Garden,WCPCB_OR-POH003,8/22/18,45.6068885,-122.7841601,pg/L,1.1425,0.2115,0.385,15.85,0.11675,1.145,0.2875,1.59,0.1475,NA,11.5,0.7,NA,1.965,1.015,1.4875,6.55,0.885,13.125,9.5075,2.4925,NA,0.1125,2.3375,2.11,0.3175,5.575,0.5175,0.037,0.1335,0.1305,1.435,NA,0.07025,6.45,1.3375,0.3275,28.5,100.825,0.27,1.1475,9.65,4.07,5.975,1.27,NA,1.965,0.08375,NA,1.1575,0.925,13.5,0.17325,2.03,3.85,0.0895,16.375,0.07075,0.193,0.475,NA,0.12275,NA,NA,1.63,8.1,3.5675,2.2625,8.9,2.6725,0.0785,14.025,2.98,13.875,0.12475,0.1395,0.453,0.0845,3.67,NA,0.4435,0.2725,14.925,NA,NA,0.05375,9.525,0.022625,0.0323,0.1475,0.05525,0.06155,NA,0.4325,17.875,1.07375,0.04875,5.86,0.355,0.96,6.63,2.305,0.67875,0.3175,2.9275,NA,0.585,NA,3.265,17.325,0.0755,0.10125,0.0116,15.1,0.025025,0.2115,1.5025,0.05925,NA,0.07355,1.245,NA,0.6045,NA,3.3875,0.136,0.58225,3.5225,0.14285,0.51275,1.752,0.90225,1.8325,8.325,0.007325,0.03275,2.605,NA,NA,6.31,0.020555,0.113325,0.6645,0.01485,NA,1.84575,0.7545,1.03075,0.3755,2.687,0.31675,0.63475,1.7765,NA,0.097875,1.73075,0.197225,0.684,1.48475
WCPCB_OR-POH003-20180822.3,Willamette River at Kingsley Community Garden,WCPCB_OR-POH003,8/22/18,45.6068885,-122.7841601,pg/L,0.1565,0.2,0.20275,0.68,NA,0.3975,0.4375,4.975,0.3375,0.9175,4.575,0.3425,NA,1.3275,2.8,6.45,1.98,13.425,7.375,7.225,1.5925,NA,0.03575,0.7775,1.3475,0.9525,3.7,2.3575,0.0585,0.11425,0.03825,1.1475,NA,0.065,3.825,1.7575,0.1765,14.075,97,0.945,0.8525,5.9,2.95,9.675,0.20575,NA,1.685,NA,0.02575,0.68,0.7675,6.375,0.171,2.65,4.5,0.11075,1.4925,0.111,NA,0.2295,NA,NA,NA,NA,1.05,3.3,1.7275,0.835,3.6,1.3375,0.09025,5.925,1.675,7.525,0.09675,0.08375,0.217,0.03325,2.7,NA,0.1335,0.62,6.025,NA,NA,0.156,6.9,0.05525,0.020475,0.04075,0.129,0.0455,NA,2.7775,3.3,0.86,0.163,4.45,0.27,0.265,1.905,1.5525,0.58,0.07775,2.3,NA,0.1915,NA,2.6,4.3,0.021125,0.07325,0.019275,3,0.02115,1.41,0.265,NA,NA,0.0635,0.25,NA,0.5225,NA,3.1,0.93,0.51,3.025,0.1225,0.44,1.525,0.7725,1.55,0.9125,0.048825,0.028,0.32,0.016455,NA,5.55,NA,0.10325,0.59,0.13635,NA,1.72,0.705,0.945,0.0255,0.2395,0.2875,0.585,1.6175,NA,0.004875,1.595,0.17275,0.625,1.4375
WCPCB_OR-POH004-20180823.1,Willamette River at south Burlington Northern Railroad Bridge 5.1,WCPCB_OR-POH004,8/23/18,45.5759428,-122.7451604,pg/L,1.366808,0.366309,0.579865,16.127585,0.19063,1.065537,0.605532,4.502866,NA,0.970845,12.484426,0.449041,NA,1.814104,2.758535,7.089459,6.795415,15.96312,6.95988,6.52629,2.349863,NA,0.104909,2.668826,1.420384,1.29529,5.322701,2.655121,0.07994,0.134563,0.091827,0.523299,NA,0.116372,4.355844,2.020932,0.250187,10.765014,82.606529,0.161724,1.230999,7.520558,4.009469,12.260155,1.719661,NA,1.390481,NA,0.043484,0.784949,1.27087,9.469225,0.256666,1.181161,6.154996,0.128084,10.635435,0.073013,0.167531,0.547969,NA,0.067032,NA,NA,0.503364,6.952405,1.749315,1.80912,7.226514,2.469474,0.068776,12.060802,1.255918,12.359831,0.154498,0.159731,0.269125,0.057563,2.72614,NA,0.317717,0.254174,11.786693,0.01069,NA,0.050835,7.176676,0.03065,0.012285,0.107401,0.043608,NA,NA,2.0309,14.727137,0.194119,0.031896,3.339148,0.334662,0.828308,6.095191,2.187889,0.52305,0.248941,0.613008,NA,0.217543,NA,0.740095,15.275355,0.082233,0.030401,0.041067,12.459507,0.018091,1.173935,1.111388,0.027909,NA,NA,0.933715,NA,0.070521,NA,2.591577,0.931971,0.074508,0.493396,0.020334,0.076003,0.207825,0.135061,0.331423,8.315475,0.056965,NA,2.255171,0.013531,NA,0.779965,0.02318,0.011488,0.068527,0.127236,NA,1.551458,0.666833,0.066783,0.338649,2.037129,0.02457,0.47371,0.105657,NA,0.087441,0.064789,0.014403,0.376775,1.212061
WCPCB_OR-POH004-20180823.1,Willamette River at south Burlington Northern Railroad Bridge 5.1,WCPCB_OR-POH004,8/23/18,45.5759428,-122.7451604,pg/L,1.201096,0.18465,0.378769,15.624221,0.097932,0.862198,0.338899,0.814852,0.350112,0.887117,8.721655,0.279093,NA,1.305756,2.245203,6.279591,5.606778,15.125841,4.53526,5.357588,1.61226,NA,0.090456,2.105657,1.001744,1.123847,3.613257,2.432096,0.056815,0.057314,NA,1.20608,NA,0.07077,2.840768,1.308248,0.170695,34.861699,79.740842,0.904311,0.787441,5.108398,3.139796,3.912285,1.497633,NA,2.793421,NA,NA,0.515824,0.660354,4.958884,0.141789,3.187142,3.139796,0.060553,9.269873,0.181909,0.156741,0.216546,NA,0.192873,NA,NA,0.652878,3.04012,1.27087,0.784949,3.314229,1.345627,0.128333,5.681535,1.328183,7.201595,0.249689,0.244206,0.490655,0.097433,0.844755,NA,0.106653,0.670321,6.404186,0.022851,NA,0.178919,2.317468,0.08622,0.02467,0.034139,0.1692,0.069399,NA,0.401196,3.563419,0.610516,0.144779,4.699726,0.096187,0.247695,2.108149,0.824819,0.086967,0.07376,2.469474,NA,0.673561,NA,2.947919,4.410665,0.025417,0.088213,0.016247,3.065039,0.005457,0.189634,0.26165,NA,NA,NA,0.243459,NA,0.419387,NA,2.937952,0.134563,0.552953,3.234488,0.121106,0.356342,1.805133,0.777972,1.293297,1.039123,0.007874,0.034513,0.363818,0.002741,NA,5.564416,NA,0.096711,0.540743,0.112883,NA,0.108647,0.058809,0.757538,0.029654,0.178171,0.215549,0.047595,1.34164,NA,0.006952,0.989285,0.150212,0.027909,0.045851
WCPCB_OR-POH004-20180823.2,Willamette River at south Burlington Northern Railroad Bridge 5.1,WCPCB_OR-POH004,8/23/18,45.5759428,-122.7451604,pg/L,0.165711,0.18166,0.201096,0.503364,NA,0.203339,0.266633,3.688014,0.266633,NA,3.762771,0.169948,NA,0.508348,0.513332,0.809868,1.188637,0.837279,2.42462,1.168702,0.737603,NA,0.014453,0.56317,0.418639,0.171443,1.709444,0.223025,NA,0.077249,0.076501,0.682781,NA,0.045602,1.515076,0.712684,0.079492,24.096686,2.865687,0.742587,0.443558,2.41216,0.869674,8.347869,0.222028,NA,1.40294,NA,0.021729,0.269125,0.610516,4.510341,0.114877,2.005981,3.015201,0.067531,1.365562,0.108896,NA,0.331423,NA,0.125841,NA,NA,1.156242,3.912285,3.020184,1.024171,3.912285,1.123847,0.059556,6.379267,2.584102,5.158236,0.095191,0.084475,0.22153,0.03987,1.881385,NA,0.211064,0.416148,5.382507,NA,NA,0.128084,4.859208,0.055569,NA,0.073262,0.125592,0.060553,NA,1.629703,11.163718,0.804635,0.112883,1.360578,0.238475,0.580613,3.987042,1.36307,0.436083,0.175181,1.856466,NA,0.456018,NA,2.207825,10.86469,0.056815,0.057812,0.024819,9.394468,0.012634,0.984301,0.849738,0.043683,NA,NA,0.690257,NA,0.348866,NA,0.346374,0.797408,0.478445,2.741091,0.14144,0.432345,1.597309,0.642911,1.62472,7.276352,0.04909,0.031896,1.891353,NA,NA,4.784451,0.021057,0.085223,0.60927,0.014353,NA,1.442811,0.608024,0.824321,0.308996,1.858958,0.24012,0.426115,1.235983,NA,0.080488,1.054074,0.135809,0.348866,1.16621
WCPCB_OR-POH007-20180823.1,Willamette River at Willamette Moorage Park,WCPCB_OR-POH007,8/23/18,45.4707282,-122.6669066,pg/L,0.101241,0.112159,NA,0.205459,NA,NA,0.307692,0.506203,NA,NA,2.853598,NA,NA,0.275434,0.253102,1.980149,0.645161,NA,0.985112,0.478908,0.287841,NA,0.021687,0.764268,0.162283,0.058561,1.796526,0.178908,NA,0.043672,NA,0.159801,NA,0.022779,0.327543,0.159801,0.025062,5.235732,1.709677,0.225558,0.154591,0.545906,0.12928,1.223325,NA,NA,0.241935,NA,NA,0.089826,0.115136,1.16129,NA,0.521092,0.669975,NA,0.935484,0.031266,NA,0.116873,NA,NA,NA,NA,0.133499,0.918114,0.439206,0.265509,1.049628,0.206203,NA,1.451613,0.315136,1.129032,NA,0.017494,NA,NA,0.57072,NA,0.057568,0.135236,1.620347,NA,NA,0.054839,1.401985,NA,NA,NA,0.059057,NA,NA,0.436725,2.555831,0.07469,0.050868,0.33995,0.041687,0.14665,0.761787,0.210174,0.102233,NA,0.139702,NA,0.074194,NA,0.187841,2.109181,NA,NA,NA,2.138958,0.014566,0.295285,0.188089,NA,NA,NA,0.161538,NA,0.028784,NA,0.550868,0.162531,0.021935,0.451613,NA,0.019653,0.066998,0.049132,0.085856,0.223325,NA,0.022655,0.09603,NA,NA,0.17196,0.019504,0.023474,0.096526,NA,NA,0.025558,0.016228,0.017246,0.079156,0.382134,0.040447,0.144665,0.02928,NA,NA,0.275434,0.006402,0.008759,0.498759
WCPCB_OR-POH007-20180823.2,Willamette River at Willamette Moorage Park,WCPCB_OR-POH007,8/23/18,45.4707282,-122.6669066,pg/L,0.62531,0.204218,0.270471,1.764268,0.027792,0.317618,0.170968,1.066998,0.076923,0.078412,14.416873,0.16129,NA,0.42928,0.585608,0.426799,1.344913,0.344913,1.550868,3.796526,0.325062,NA,0.043127,1.066998,0.297767,0.15062,0.724566,0.248139,NA,0.074442,0.036228,0.219355,NA,0.048834,0.573201,0.275434,0.043672,14.590571,75.434243,0.291315,0.194541,1.064516,0.317618,2.431762,0.031266,NA,0.26799,NA,NA,0.103474,0.178908,1.496278,0.036228,0.806452,0.741935,0.030521,10.769231,0.030273,NA,0.087345,NA,0.024268,NA,NA,0.282382,0.923077,0.744417,0.260546,0.957816,0.322581,0.020422,1.508685,0.600496,1.694789,NA,0.013648,0.031266,0.033127,0.322581,NA,0.039454,0.104467,1.543424,NA,NA,0.031762,0.885856,NA,NA,NA,NA,NA,NA,0.129032,1.027295,0.238958,0.017047,0.744417,0.021588,0.072705,0.459057,0.17196,0.033995,0.021216,0.45732,NA,0.044913,NA,0.676675,1.086849,0.004045,0.004417,NA,0.883375,0.005931,0.065261,0.084864,NA,NA,NA,0.064516,NA,0.154591,NA,0.082382,0.036725,0.15866,0.126055,0.006774,0.102035,0.362283,0.149132,0.333002,1.344913,NA,NA,0.332506,0.003499,NA,1.333251,NA,NA,0.020918,0.004566,NA,0.327543,0.110769,0.175062,0.007692,0.045409,0.007543,0.016998,0.270471,NA,NA,0.021464,0.036675,0.117196,0.014243
WCPCB_OR-POH007-20180823.3,Willamette River at Willamette Moorage Park,WCPCB_OR-POH007,8/23/18,45.4707282,-122.6669066,pg/L,0.726551,0.316377,0.418114,1.969727,0.192308,0.464516,0.47866,1.573201,0.224814,0.226799,17.270471,0.317618,NA,0.704715,0.83871,2.406948,1.990074,0.411911,2.53598,4.275434,0.612903,NA,NA,0.30273,0.46005,0.209181,1.07196,0.427047,NA,0.030769,0.060769,0.379156,NA,NA,0.900744,0.435236,0.068734,19.826303,77.143921,0.065757,0.349132,1.610422,0.446898,3.655087,0.019801,NA,0.509926,NA,NA,0.1933,0.294045,2.657568,0.063524,0.28536,1.411911,0.053995,11.704715,0.061538,NA,0.204218,NA,0.036998,NA,NA,0.148883,1.841191,0.305211,0.526055,2.007444,0.528784,0.054913,2.960298,0.28536,2.823821,NA,0.031141,0.059801,0.018263,0.8933,NA,0.097022,0.239702,3.163772,NA,NA,0.0866,2.287841,NA,NA,NA,0.077792,NA,NA,0.565757,3.583127,0.164268,0.067916,1.084367,0.063275,0.219355,1.220844,0.382134,0.136228,0.046278,0.317618,NA,0.119107,NA,0.488834,3.19603,0.024045,0.019529,NA,3.022333,0.020496,0.360546,0.272953,NA,NA,NA,0.226055,NA,0.125806,NA,0.633251,0.199256,0.136725,0.577667,0.027444,0.082382,0.295285,0.198263,0.247146,1.568238,NA,0.02536,0.428536,0.018139,NA,1.16129,0.021638,0.026303,0.117444,0.022754,NA,0.353102,0.094541,0.157816,0.086849,0.427543,0.04799,0.161663,0.241191,NA,NA,0.296898,0.030273,0.108437,0.513002
WCPCB_OR-POH002-20180824.1,Multnomah Channel,WCPCB_OR-POH002,8/24/18,45.6194068,-122.800134,pg/L,0.758145,0.366468,0.38264,8.596908,NA,0.687753,0.334839,2.613555,0.239239,0.626635,11.510107,0.142212,NA,1.357907,1.664685,4.297265,0.848989,7.926278,3.234245,3.258026,1.526754,NA,0.011653,0.359096,0.290131,0.732461,3.690844,1.121046,0.040618,0.098454,0.068728,0.956005,NA,0.068014,1.022592,1.317479,0.122568,6.65874,1.750297,0.567182,0.832342,1.626635,0.51843,7.586207,0.900595,NA,1.712247,0.037979,0.039239,0.195957,0.732461,3.281807,0.089655,2.099881,4.057075,0.050654,0.882283,0.125327,NA,0.375981,NA,0.093222,NA,NA,0.706302,2.615933,1.852556,1.124851,2.663496,0.69679,0.041855,4.3044,1.593341,3.32937,0.066112,0.071106,0.11843,0.025446,1.75981,NA,0.147681,0.146017,4.494649,0.019572,NA,0.079429,4.599287,0.01736,NA,0.049465,0.06849,0.034721,NA,1.170036,7.324614,0.542212,0.069917,2.89893,0.20761,0.378121,2.711058,1.324614,0.29132,0.119857,1.310345,NA,0.106778,NA,1.914388,6.991677,0.042568,0.014887,0.022045,6.492271,0.014245,0.663496,0.59453,0.126944,NA,NA,0.516052,NA,0.242568,NA,1.950059,0.570749,0.340071,2.140309,0.085279,0.293698,1.010702,0.541974,1.11843,4.922711,0.021831,NA,1.37931,0.013032,NA,3.814507,NA,0.056219,0.029964,0.069679,NA,1.029251,0.435196,0.512723,0.196195,1.305589,0.183424,0.377646,0.946492,NA,0.059215,0.032818,0.108205,0.349584,0.029964
WCPCB_OR-POH002-20180824.2,Multnomah Channel,WCPCB_OR-POH002,8/24/18,45.6194068,-122.800134,pg/L,0.649227,0.22069,0.252081,0.368609,NA,0.508918,0.180975,2.016647,0.133888,NA,8.656361,0.317004,NA,0.89893,1.29132,3.73365,4.107015,7.419738,1.778835,0.780024,0.98692,NA,0.055648,2.328181,0.692033,0.604043,2.449465,0.965517,0.025684,0.055172,0.030678,0.482759,NA,0.037574,1.814507,0.827586,0.112247,18.192628,51.690844,0.449465,0.51843,4.646849,2.135553,4.922711,0.144352,NA,0.829964,0.015196,0.015838,0.52176,0.356718,6.444709,0.102497,1.286564,1.895363,0.109869,12.606421,0.060166,NA,0.126278,NA,0.046373,NA,NA,0.273484,4.332937,0.939358,0.43044,4.418549,1.398335,0.039952,7.419738,0.687277,7.110583,0.046611,0.047087,0.12937,0.051843,0.461356,NA,0.06302,0.3044,7.419738,0.004423,NA,0.033056,3.305589,0.061118,0.006564,0.071082,0.02497,NA,NA,0.211891,1.669441,0.097503,0.023424,2.20214,0.155767,0.12604,0.991677,0.401902,0.237812,0.031153,0.31629,NA,0.373127,0.002473,0.387634,2.19025,0.014388,0.051986,0.007776,1.588585,0.011391,0.094887,0.724614,0.014697,NA,NA,0.133413,NA,0.280856,NA,1.793103,0.064209,0.376219,1.878716,0.010606,0.036861,0.107491,0.068728,0.157669,0.487515,0.023862,NA,0.184542,NA,NA,0.413793,0.013555,0.004851,0.391439,0.078906,NA,0.977408,0.023781,0.037099,0.012818,0.105589,0.012438,0.028062,1.010702,NA,0.062711,0.881807,0.008894,0.366611,1.104875
WCPCB_OR-POH002-20180824.3,Multnomah Channel,WCPCB_OR-POH002,8/24/18,45.6194068,-122.800134,pg/L,0.108918,0.145779,NA,8.2283,NA,0.178835,0.153864,0.596908,NA,0.520809,2.853746,0.174792,NA,0.458977,0.373365,0.563615,3.258026,0.50654,5.01308,4.03805,0.539834,NA,0.043995,1.969084,0.982164,0.128419,1.241379,0.155529,NA,0.043282,0.03805,0.473246,NA,0.03044,2.837099,0.489893,NA,11.533888,49.940547,0.117717,0.313912,3.020214,1.617122,2.663496,0.756243,NA,0.882283,NA,NA,0.325803,0.375743,3.162901,0.192152,0.813317,2.161712,0.059215,11.724138,0.065161,NA,0.249703,NA,0.046849,NA,NA,0.432818,1.717004,0.913199,0.694411,1.755054,0.701546,0.081807,3.115339,0.906064,3.781213,0.112723,0.118193,0.2478,0.026397,1.298454,NA,0.210702,0.450416,2.925089,NA,NA,0.112485,1.293698,0.043757,0.021998,0.021617,0.09346,0.040499,NA,1.381926,8.994055,0.444709,0.093341,0.69679,0.051843,0.504162,3.702735,0.922711,0.053508,0.151011,1.626635,NA,0.26635,0.012794,1.526754,9.181926,0.056956,0.037099,0.014269,8.080856,0.002854,0.758383,0.130083,0.112247,NA,NA,0.649465,NA,0.038288,NA,0.156956,0.634958,0.036147,0.261593,0.074673,0.256837,1.118193,0.473246,0.960761,5.410226,NA,NA,1.563853,0.015063,NA,3.400713,0.003234,0.051367,0.361474,0.009227,NA,0.051843,0.458977,0.475624,0.209013,1.411177,0.170987,0.349584,0.064209,NA,0.003496,0.848989,0.117099,0.017027,1.074911
WCPCB_OR-POH006-20180824.1,Willamette River at south Broadway Bridge,WCPCB_OR-POH006,8/24/18,45.5302925,-122.6725305,pg/L,0.103899,0.138944,0.291214,2.435834,0.042448,0.375123,0.14536,1.468411,0.101925,0.129812,12.857848,0.094521,NA,0.575025,0.713228,1.927443,1.818855,0.802073,2.082922,2.862784,0.742843,NA,0.029862,0.747779,0.384995,0.194719,1.498026,0.4615,NA,0.063672,NA,0.340573,NA,NA,0.799605,0.419546,0.053801,10.908193,48.124383,0.229023,0.24926,1.502962,0.42695,3.035538,0.044423,NA,0.434353,NA,NA,0.148075,0.276407,2.189042,0.057009,0.698421,0.863771,0.036772,8.613031,0.040967,0.021964,0.109082,NA,0.019274,NA,NA,0.149556,1.419052,0.256663,0.409674,1.510365,0.491115,NA,1.507897,0.325765,1.110563,0.026654,0.029368,NA,NA,0.584896,NA,NA,0.210513,1.734946,NA,NA,0.02542,1.130306,0.009082,NA,NA,0.034304,0.023198,NA,0.700888,1.453603,0.09921,0.021915,0.518263,0.034551,0.103653,0.720632,0.281343,0.060711,0.031343,0.579961,NA,0.076999,NA,0.66387,1.562192,0.006639,0.005503,NA,1.293189,0.004121,0.090819,0.113031,0.010094,NA,NA,0.098717,NA,0.136229,NA,0.109082,0.050099,0.208786,0.195212,0.008638,0.154245,0.100444,0.066387,0.116239,0.34304,NA,NA,0.130306,0.002266,NA,2.196446,NA,0.003282,0.031589,0.004146,NA,0.040474,0.017448,0.027147,0.01651,0.09156,0.010884,0.025173,0.619447,NA,0.004393,0.036032,0.068361,0.180158,0.022063
WCPCB_OR-POH006-20180824.2,Willamette River at south Broadway Bridge,WCPCB_OR-POH006,8/24/18,45.5302925,-122.6725305,pg/L,0.562685,0.185094,NA,0.21767,NA,0.171273,0.362784,2.060711,0.194225,NA,3.455084,0.16535,NA,0.298618,0.29615,0.468904,0.695953,0.102912,1.13771,0.612043,0.375123,NA,NA,0.313425,0.213722,0.061698,0.898322,0.227789,NA,0.060464,0.028381,0.256663,NA,NA,0.42695,0.222359,0.084896,3.87463,0.994571,0.282823,0.403751,0.631787,0.153504,1.335143,NA,NA,0.338105,NA,NA,0.069595,0.181885,1.495558,0.088598,0.352912,1.036525,0.054492,9.131293,0.020903,0.032577,0.116239,NA,0.049136,NA,NA,0.230997,0.955084,0.767522,0.303554,0.903258,0.167325,0.02616,2.413623,0.538006,2.764067,NA,NA,0.053554,0.005158,0.429418,NA,0.055281,0.132034,2.566634,NA,NA,0.064413,1.675716,NA,NA,0.020459,0.071323,0.005948,NA,0.19003,3.726555,0.231737,0.042448,0.96002,0.070582,0.189536,1.053801,0.310958,0.145114,0.054788,0.798124,NA,0.236426,NA,0.261599,3.010859,0.017251,0.012043,0.002912,3.158934,0.017522,0.382527,0.436328,0.065622,NA,NA,0.333662,NA,0.037266,NA,1.16535,0.357848,0.032577,1.154985,0.056762,0.025173,0.624383,0.387216,0.646841,3.109576,NA,NA,0.910661,0.016481,NA,0.288746,NA,0.045484,0.285785,0.046594,NA,0.664857,0.281343,0.365252,0.239635,0.908193,0.130331,0.269003,0.063919,NA,0.043386,0.508391,0.009921,0.01693,0.668657
WCPCB_OR-POH006-20180824.3,Willamette River at south Broadway Bridge,WCPCB_OR-POH006,8/24/18,45.5302925,-122.6725305,pg/L,0.666584,0.324038,0.404245,2.653504,0.126357,0.546397,0.217423,0.5923,0.0923,0.207058,16.312932,0.259872,NA,0.873643,1.009378,2.396347,2.514808,0.904985,3.220632,3.474827,1.117966,NA,0.040474,1.061204,0.598717,0.256417,2.396347,0.689289,NA,0.124136,0.044719,0.597236,NA,NA,1.226555,0.641905,0.031096,14.782823,49.118954,0.053801,0.154492,2.134748,0.580454,4.370681,0.055035,NA,0.772458,NA,NA,0.21767,0.458292,3.6846,0.031589,1.051333,1.900296,0.01772,0.518263,0.061871,NA,0.225321,NA,0.029862,NA,NA,0.380553,2.374136,1.024186,0.713228,2.413623,0.65844,0.079714,3.92152,0.863771,3.87463,0.081194,0.055281,0.097483,0.01577,1.014314,NA,0.117966,0.342547,4.301579,NA,NA,0.038993,2.806022,0.044867,NA,0.087586,0.037019,0.029146,NA,0.890918,5.180158,0.330948,0.064363,1.478282,0.105133,0.293189,1.774432,0.5923,0.205824,0.08613,0.218164,NA,0.159427,NA,0.925469,4.57305,NA,0.017547,0.013524,4.452122,0.013401,0.473346,0.323297,0.055528,NA,NA,0.234946,NA,0.173495,NA,1.056269,0.407947,0.241362,1.350197,0.0654,0.179418,0.724827,0.320829,0.530602,3.452616,NA,NA,1.040967,0.014215,NA,2.485192,NA,0.042201,0.254195,0.042448,NA,0.624383,0.298791,0.338105,0.256145,0.999753,0.119447,0.294176,0.683366,NA,0.038993,0.544423,0.078282,0.197088,0.646594
WCPCB_OR-POH001-20180825.1,Willamette River North,WCPCB_OR-POH001,8/25/18,45.6349878,-122.7867917,pg/L,0.116114,0.16872,NA,0.317536,NA,0.209479,0.166825,0.694313,NA,NA,4.64455,0.501896,NA,0.542654,0.343602,0.739336,6.187204,0.36019,7.808057,6.938389,0.549763,NA,0.068483,1.92891,1.675355,0.103081,1.327014,0.233412,0.031991,0.053081,NA,0.481043,NA,0.019953,3.35782,0.549763,0.269668,24.383886,87.322275,0.741706,1.021327,5.635071,2.393365,2.630332,0.089336,0.06872,1.222749,NA,NA,0.652844,0.42654,7.606635,0.206635,2.755924,2.291469,0.095972,16.372038,0.062085,0.068744,0.241706,NA,NA,NA,NA,0.793839,4.281991,0.959716,1.220379,4.438389,1.310427,0.092654,6.327014,0.741706,6.516588,0.070142,0.092417,0.150711,0.044076,1.251185,NA,0.207583,0.388863,7.440758,NA,NA,0.119905,3.104265,0.04109,NA,0.059953,0.108294,NA,NA,1.144313,7.206161,0.372038,0.100616,1.767773,0.131517,0.308057,2.898104,0.620853,0.197867,0.133412,1.308057,NA,0.248815,NA,1.57346,1.829384,0.045118,0.025118,0.016967,6.246445,0.012867,0.673697,0.589336,NA,NA,NA,0.521564,NA,0.260664,NA,1.239336,0.495024,0.277251,1.220379,0.052844,0.211374,0.926777,0.334123,0.623223,3.983412,0.038329,NA,1.11019,NA,NA,2.781991,NA,0.035071,0.299526,0.067227,NA,0.71327,0.298009,0.367299,0.180237,1.076777,0.109242,0.255924,0.606398,NA,0.0341,0.625592,0.088483,0.298886,0.606635
WCPCB_OR-POH001-20180825.2,Willamette River North,WCPCB_OR-POH001,8/25/18,45.6349878,-122.7867917,pg/L,0.973934,0.488626,0.569431,8.208531,0.190521,1.290047,0.395735,3.933649,0.2891,0.526066,20.07109,0.139336,NA,1.803318,1.872038,5.473934,0.92654,5.545024,1.978673,0.848341,1.819905,NA,0.080403,2.298578,0.341232,0.694313,5.63981,1.668246,0.083649,0.067299,NA,0.646919,NA,0.057346,1.078199,1.199052,0.053081,5.28436,1.540284,0.864929,0.317536,1.559242,0.438389,7.014218,0.544313,NA,2.227488,NA,NA,0.197867,0.523697,3.412322,0.095972,0.883886,2.488152,0.03981,0.803318,0.11327,NA,0.165403,NA,0.034834,NA,NA,0.42891,2.393365,0.803318,0.687204,2.488152,0.590047,0.035071,3.530806,0.627962,2.890995,0.025118,0.031043,0.06872,0.02327,0.587678,NA,0.133175,0.265403,3.981043,NA,NA,0.08981,4.597156,0.031517,NA,0.035308,0.080569,0.0459,NA,0.957346,5.592417,0.478436,0.020047,0.670616,0.039336,0.436493,2.045024,0.364929,0.051659,0.028673,0.315166,NA,0.037204,NA,1.274882,7.398104,0.035782,0.035924,0.011706,4.78673,0.002654,0.57346,0.457346,0.033744,NA,NA,0.402844,NA,0.221564,NA,0.136256,0.43128,0.241706,0.236967,0.010166,0.180095,0.827014,0.395498,0.764455,3.554502,0.036256,NA,0.954976,NA,NA,2.511848,NA,0.003507,0.265403,0.059716,NA,0.051659,0.274882,0.399526,0.169431,0.976303,0.12173,0.026303,0.552133,NA,0.029858,0.667062,0.082938,0.28436,0.029621
WCPCB_OR-POH001-20180825.3,Willamette River North,WCPCB_OR-POH001,8/25/18,45.6349878,-122.7867917,pg/L,0.85782,0.319905,0.421801,7.890995,0.075118,1.080569,0.562559,4.627962,0.393128,0.630332,15.42654,0.362559,NA,1.260664,2.21564,6.21327,5.260664,5.905213,5.829384,6.090047,2.369668,NA,0.011919,0.369668,1.334123,0.797393,4.312796,1.901659,0.051659,0.120379,NA,1.127962,NA,0.077299,2.279621,1.748815,0.216588,19.099526,85.781991,0.123223,0.703791,4.075829,1.954976,9.64455,0.454976,0.037915,1.004739,NA,NA,0.454976,0.950237,4.194313,0.110664,1.872038,4.779621,0.056161,15.56872,0.051185,0.058531,0.407109,NA,0.04981,NA,NA,0.364929,1.888626,1.763033,0.533175,1.950237,0.720379,0.057583,2.796209,1.369668,3.625592,0.045024,0.061374,0.081991,0.020806,1.838863,NA,0.074408,0.12346,3.459716,NA,NA,0.030095,1.492891,NA,NA,0.024645,0.027725,0.033175,NA,0.186967,1.613744,0.106398,0.080569,2.438389,0.170853,0.128436,0.853081,0.985782,0.249526,0.104739,0.992891,NA,0.211611,NA,0.298578,5.56872,0.009336,0.010806,0.005261,1.459716,0.015521,0.100237,0.131991,0.010616,NA,NA,0.11872,NA,0.0391,NA,1.375592,0.063744,0.035545,1.457346,0.063009,0.03128,0.099763,0.061374,0.141232,0.42891,NA,NA,0.155213,NA,NA,0.270142,NA,0.038578,0.034123,0.007512,NA,0.764929,0.023128,0.032227,0.010806,0.100474,0.012488,0.282227,0.054265,NA,0.004242,0.041469,0.005545,0.014526,0.636256
WCPCB_OR-POH003-20181127.1,Willamette River at Kingsley Community Garden,WCPCB_OR-POH003,11/27/18,45.6068885,-122.7841601,pg/L,1.271638,0.323569,0.360186,3.009321,NA,0.464048,0.235686,1.870839,0.151798,0.140479,6.924101,0.45273,NA,0.818908,1.284953,2.01731,2.401465,1.713715,4.081225,3.814913,1.50466,NA,0.045406,1.42743,0.796272,0.176565,2.157124,1.244341,NA,0.147071,0.089148,0.822237,NA,NA,1.8249,0.571238,0.12217,16.464714,60.312916,0.314248,0.536618,2.490013,1.091212,4.327563,0.157124,0.033822,1.203728,NA,NA,0.203063,0.215712,5.086551,0.143209,1.338881,1.484687,0.038815,15.698402,0.066911,0.054461,0.111185,NA,0.073236,NA,NA,0.593875,3.941411,1.551265,0.552597,3.73502,1.168442,0.05466,6.225033,0.75233,5.725699,0.079228,0.083289,0.183755,0.029095,0.409454,NA,0.164248,0.401465,6.89747,NA,NA,0.024368,1.318242,0.046937,0.013728,0.044541,0.081425,0.024501,NA,0.802929,6.351531,0.366844,0.081625,2.286951,0.031558,0.370173,2.942743,0.902796,0.043941,0.027763,0.984021,NA,0.298269,NA,1.343542,1.910786,0.031491,0.034687,0.01504,1.551265,NA,0.093875,0.522636,0.027031,NA,0.015573,0.425433,NA,0.232557,NA,0.129161,0.397071,0.268575,1.218375,0.052656,0.192743,0.934088,0.360519,0.663116,0.450067,NA,0.018435,0.131158,NA,NA,1.787617,NA,0.056984,0.31032,NA,NA,0.112517,0.388149,0.551265,0.015246,1.123169,0.13968,0.033222,0.734354,NA,0.00739,0.725033,0.110453,0.266911,0.045606
WCPCB_OR-POH003-20181127.2,Willamette River at Kingsley Community Garden,WCPCB_OR-POH003,11/27/18,45.6068885,-122.7841601,pg/L,1.387483,0.413449,0.454061,3.245007,NA,0.128495,0.263182,2.364181,0.038549,0.164048,8.801598,0.362184,NA,1.152463,1.045273,2.637816,1.83755,1.451398,2.86285,3.209055,1.091877,NA,0.038415,1.225033,0.603196,0.111851,0.87217,0.998668,0.037617,0.095206,0.069907,0.464714,NA,NA,1.171771,0.913449,0.080559,13.581891,58.588549,0.079893,0.325566,1.08522,0.845539,6.131824,0.062317,NA,0.565912,NA,NA,0.309587,0.446738,2.58988,0.085885,0.818908,3.182423,0.069241,15.17976,NA,0.038282,0.300932,NA,0.041611,NA,NA,0.237017,1.617843,0.745672,0.911451,1.531292,0.561252,0.032623,2.749667,1.491345,3.135819,0.042676,0.047803,0.109854,0.019041,1.374834,NA,0.114514,0.123835,2.956059,NA,NA,0.066312,2.689747,0.016911,0.008123,0.033822,0.031158,NA,NA,0.181758,1.338216,0.092543,0.019907,0.515979,0.128762,0.109854,0.87217,0.262317,0.209055,0.138282,0.218375,NA,0.089214,NA,0.358189,6.418109,0.009587,0.00719,NA,5.705726,0.013242,0.644474,0.104527,0.01984,NA,NA,0.101198,NA,0.040146,NA,1.42743,0.055526,0.031558,0.199734,NA,0.026964,0.825566,0.050932,0.093209,3.892144,0.024427,NA,0.876831,0.018768,NA,0.316245,0.01251,NA,0.033356,0.066105,NA,0.94474,0.030626,0.480027,0.162383,0.144474,0.129161,0.296205,0.104527,NA,0.045473,0.157124,0.033222,0.060519,0.546937
WCPCB_OR-POH003-20181127.3,Willamette River at Kingsley Community Garden,WCPCB_OR-POH003,11/27/18,45.6068885,-122.7841601,pg/L,0.115846,0.08988,0.093875,0.235686,NA,0.592543,0.027497,0.493342,0.190346,NA,1.877497,0.090546,NA,0.333555,0.23968,0.620506,0.563915,0.262317,1.218375,0.605859,0.412783,NA,0.006991,0.202397,0.193076,0.064714,3.029294,0.245672,0.007257,0.051864,0.019241,0.357523,NA,NA,0.653129,0.34221,0.041611,2.882823,1.724368,0.234354,0.211052,3.575233,0.245672,1.804261,0.219441,0.019174,0.637816,NA,NA,0.106525,0.231025,2.496671,0.057324,0.519973,1.697736,0.030426,0.518642,0.053329,0.016178,0.189747,NA,0.031625,NA,NA,0.356858,2.323569,0.805593,0.358855,2.203728,0.60719,0.022037,3.475366,0.739015,2.58988,0.036551,0.035486,0.073901,0.010053,0.965379,NA,0.049734,0.27763,3.941411,NA,NA,0.041944,4.007989,0.030027,NA,0.010719,0.050266,0.016644,NA,0.621172,5.013316,0.274301,0.061718,1.770972,0.097204,0.26032,2.070573,0.640479,0.165113,0.110519,0.765646,NA,0.209055,NA,0.985353,4.507324,0.021904,0.027497,0.009387,4.154461,0.00759,0.550599,0.418109,NA,NA,0.00992,0.324234,NA,0.19241,NA,1.298269,0.341545,0.237017,1.018642,0.047004,0.165779,0.108522,0.309587,0.569907,3.442077,0.018775,0.012783,0.745672,0.013116,NA,1.471372,0.006858,0.051332,0.276964,0.060453,NA,0.832224,0.357523,0.071238,0.147137,0.978695,0.010519,0.262983,0.629827,NA,0.038083,0.567909,0.07723,0.206391,0.501332
WCPCB_OR-POH005-20181127.1,Willamette River at NW Front Ave,WCPCB_OR-POH005,11/27/18,45.5583833,-122.7186394,pg/L,0.100889,0.066667,0.075556,0.266667,NA,0.138222,0.031333,0.622222,0.038578,NA,1.924444,0.266667,NA,0.497778,0.644444,0.897778,1.706667,0.271556,1.964444,1.986667,0.84,NA,0.019067,0.444444,0.399111,0.140889,2.066667,0.72,0.012711,0.063111,0.024267,0.631111,NA,0.038978,0.706667,0.786667,0.049333,19.111111,1.84,0.204,0.259556,1.244444,0.422222,3.2,0.034133,0.048,1.662222,NA,NA,0.131111,0.812,2.075556,0.121333,1.262222,3.137778,0.079556,0.951111,0.025022,NA,0.295111,NA,0.052,NA,NA,0.546667,1.213333,1.124444,0.384,1.293333,0.357333,0.057778,3.942222,0.737778,1.848889,0.035867,0.040889,0.036089,0.0056,1.333333,NA,0.069333,0.260889,2.275556,NA,NA,0.038622,3.026667,0.010667,NA,0.018978,0.046222,0.026933,NA,0.149333,1.186667,0.324,0.020533,2.111111,0.093333,0.079556,0.622222,0.706667,0.184,0.021333,1.022222,NA,0.077778,NA,0.991111,1.391111,0.0152,0.005244,NA,1.226667,0.007822,0.112889,0.112444,0.083111,NA,0.013467,0.070222,NA,0.246667,NA,1.768889,0.047111,0.300889,1.426667,0.067111,0.207111,1.057778,0.373778,0.72,0.406222,NA,NA,0.101333,0.004622,NA,1.968889,NA,0.062222,0.339111,0.007733,NA,1.232444,0.435111,0.622222,0.026844,0.223111,0.168889,0.336889,0.150667,NA,0.00436,0.742222,0.092,0.268444,0.573333
WCPCB_OR-POH005-20181127.2,Willamette River at NW Front Ave,WCPCB_OR-POH005,11/27/18,45.5583833,-122.7186394,pg/L,1.373333,0.332444,0.347556,3.235556,NA,0.404,0.191778,2.048889,0.145689,0.130044,7.644444,0.076444,NA,0.604444,0.72,2.502222,1.52,0.924444,2.72,1.106667,0.8,NA,0.018444,0.385333,0.420444,0.153333,1.48,0.68,0.031467,0.132,0.028222,0.311111,NA,NA,1.68,1.14,0.115111,6.533333,32.4,0.158222,0.644444,1.862222,0.533333,5.533333,0.072444,NA,0.448889,NA,NA,0.257778,0.586667,5.244444,0.046222,0.635556,1.08,0.025156,9.066667,NA,0.011867,0.108,NA,0.018711,NA,NA,0.268,2.444444,0.515556,0.8,2.84,0.666667,0.024533,1.946667,0.444444,3.297778,0.023911,0.027911,0.069333,0.004271,0.582222,NA,0.153333,0.098222,4.755556,NA,NA,0.066222,1.342222,0.021289,NA,0.064889,0.065778,NA,NA,0.715556,5.955556,0.079556,0.064889,2.529333,0.122,0.286667,2.222222,0.180444,0.244,0.088889,0.189778,NA,0.259556,NA,0.236444,4.488889,0.010089,0.016756,0.007067,4.844444,0.013911,0.635556,0.52,0.012578,NA,NA,0.425778,NA,0.038356,NA,1.891556,0.462222,0.025556,0.137333,0.006622,0.019289,0.084,0.044,0.071556,4.8,0.017956,0.010444,1.071111,0.009333,NA,0.221333,0.006,0.004382,0.033244,0.070222,NA,1.088889,0.046667,0.124444,0.2,1.408889,0.015378,0.035511,0.946667,NA,0.059556,0.262222,0.038756,0.104889,0.034533
WCPCB_OR-POH005-20181127.3,Willamette River at NW Front Ave,WCPCB_OR-POH005,11/27/18,45.5583833,-122.7186394,pg/L,1.474222,0.399111,0.423111,3.502222,NA,0.542222,0.160444,1.426667,0.107111,0.109333,9.568889,0.343111,NA,1.102222,1.364444,1.604444,3.226667,1.196,4.684444,3.093333,1.64,NA,0.037511,0.829778,0.819556,0.294222,3.546667,1.4,0.018756,0.068889,0.052489,0.942222,NA,0.055556,2.386667,0.353333,0.164444,25.644444,34.24,0.362222,0.904,3.106667,0.955556,2.333333,0.106578,0.073422,2.111111,NA,NA,0.388889,0.225333,7.32,0.167556,1.897778,4.217778,0.104711,10.017778,0.048622,0.015724,0.403111,NA,0.070711,NA,NA,0.814667,3.657778,1.64,1.184,4.133333,1.024,0.082311,5.888889,1.182222,5.146667,0.059778,0.0688,0.105422,0.009871,1.915556,NA,0.222667,0.359111,7.031111,NA,NA,0.104844,4.368889,0.031956,NA,0.083867,0.112,0.033067,NA,0.864889,7.142222,0.403556,0.085422,0.418222,0.028667,0.366222,2.844444,0.887111,0.06,0.110222,1.212,NA,0.337333,NA,1.227556,5.88,0.025289,0.022,0.010836,6.071111,0.006089,0.748444,0.632444,0.095689,NA,0.017236,0.496,NA,0.285022,NA,0.122667,0.509333,0.326444,1.564,0.073733,0.2264,1.141778,0.417778,0.791556,5.206222,0.021724,0.014213,1.172444,0.013956,NA,2.190222,0.009769,0.066604,0.372356,0.077956,NA,0.143556,0.481778,0.746667,0.226844,1.632,0.184267,0.3724,1.097333,NA,0.063916,1.004444,0.130756,0.373333,0.607867
WCPCB_OR-POH001-20181128.1,Willamette River North,WCPCB_OR-POH001,11/28/18,45.6349878,-122.7867917,pg/L,1.39191,0.417109,0.467507,4.203581,0.092109,0.819629,0.151127,3.616048,0.268236,0.223674,10.278515,0.334218,NA,1.211538,1.406499,2.621353,2.539788,2.116048,2.970822,1.412467,1.700928,0.008687,0.011406,0.878647,0.610743,0.513926,3.057029,1.405172,0.04065,0.107958,0.053581,0.740716,0.018846,0.055769,1.293103,1.029841,0.106565,7.625995,8.62069,0.089523,0.20756,1.114058,0.8687,5.81565,0.225928,NA,0.636605,NA,NA,0.1187,0.470159,2.606101,0.155172,0.590849,3.348806,0.079907,4.616711,0.038528,0.037215,0.28382,NA,0.058554,NA,NA,0.410477,2.367374,0.8687,0.587533,2.360743,0.601459,0.071154,3.832891,1.584881,2.818302,0.087401,0.080239,0.183024,0.014655,1.506631,NA,0.185809,0.120027,3.057029,0.011538,NA,0.025332,4.244032,0.023806,0.006963,0.058621,0.085345,0.02679,NA,0.15252,6.213528,0.29244,0.084218,2.227454,0.127918,0.362069,1.88992,0.921088,0.185544,0.122215,0.769231,NA,0.192308,NA,0.921751,5.795756,0.010212,0.030239,0.008687,5.424403,0.015325,0.543767,0.129973,0.018581,NA,0.011983,0.099469,NA,0.234748,NA,1.360743,0.396419,0.237401,1.230106,0.048806,0.153183,0.935013,0.265252,0.51061,3.948939,NA,0.02116,0.129973,NA,NA,1.425729,NA,0.054052,0.242042,NA,NA,0.793833,0.309682,0.446883,0.153183,0.901857,0.108753,0.259947,0.599469,NA,NA,0.669761,0.072281,0.232095,0.719164
WCPCB_OR-POH001-20181128.2,Willamette River North,WCPCB_OR-POH001,11/28/18,45.6349878,-122.7867917,pg/L,0.112069,0.102785,0.094828,3.992042,0.060013,0.136605,0.031101,0.525862,0.044761,NA,8.289125,NA,NA,0.389257,0.219496,2.168435,3.120027,1.942971,1.240053,0.555703,0.368037,0.017772,0.06187,0.182361,0.200265,0.069629,0.835544,0.284483,0.022082,0.035013,0.016446,0.346154,NA,0.020822,0.683024,0.66313,0.020358,3.017241,1.472149,0.334218,0.609416,2.34748,0.276525,1.942971,0.182361,NA,1.221485,NA,NA,0.204244,0.240716,2.725464,0.085544,1.519231,1.810345,0.040252,4.190981,0.099469,0.031499,0.175729,NA,0.089589,NA,NA,0.649867,1.644562,1.651194,0.37069,1.6313,0.564987,0.032958,2.838196,0.802387,3.169761,0.03508,0.043833,0.067639,0.024867,1.047745,NA,0.064456,0.366711,4.197613,0.005895,NA,0.063594,2.824934,0.047878,0.012606,0.016512,0.044562,0.017639,NA,0.787798,4.79443,0.375332,0.061936,0.549735,0.092175,0.107427,2.997347,0.6187,0.050265,0.095491,1.030504,NA,0.298408,NA,1.356764,3.87931,0.020292,0.035882,0.01433,4.038462,0.009682,0.649204,0.417772,0.012865,NA,0.005796,0.333554,NA,0.199602,NA,1.220159,0.350133,0.267507,1.047745,0.00756,0.175531,0.119363,0.316645,0.605438,0.454244,0.020889,0.015517,0.852785,0.008289,NA,1.702918,0.006174,0.048408,0.271817,0.055968,NA,0.057759,0.334615,0.420424,0.014324,0.074271,0.117374,0.235411,0.64317,NA,0.039788,0.703846,0.083554,0.255637,0.689655
WCPCB_OR-POH001-20181128.3,Willamette River North,WCPCB_OR-POH001,11/28/18,45.6349878,-122.7867917,pg/L,1.279841,0.314324,0.372679,0.211538,NA,0.683024,0.120027,3.090186,0.223475,0.19496,1.98939,0.072944,NA,0.822281,1.187003,0.452918,0.580239,0.173077,4.210875,1.96817,1.332891,NA,0.050464,0.696286,0.811008,0.444297,2.221485,1.12069,0.018568,0.072944,0.037135,0.394562,0.01313,0.034947,1.976127,0.366711,0.086207,10.643236,10.092838,0.244695,0.401857,3.461538,1.145225,3.872679,0.043568,NA,0.584881,NA,NA,0.322944,0.229443,5.331565,0.069629,0.928382,1.538462,0.039655,0.425729,0.060942,NA,0.10809,NA,0.031034,NA,NA,0.23939,4.011936,0.782493,0.958223,3.992042,1.166446,0.038196,6.671088,0.782493,5.988064,0.052321,0.036406,0.115385,0.010212,0.458886,NA,0.121353,0.246684,7.254642,NA,NA,0.088926,1.419098,0.024072,NA,0.042109,0.040782,NA,NA,0.635279,1.419098,0.082891,0.022281,1.677719,0.035743,0.254642,1.107427,0.302387,0.135279,0.026724,0.261273,NA,0.106101,NA,0.435013,1.916446,0.030504,NA,NA,1.385942,NA,0.105438,0.547745,NA,NA,0.006187,0.433024,NA,0.035146,NA,0.140584,0.046286,0.030106,0.182361,0.041247,0.022347,0.81565,0.051393,0.094828,3.494695,0.026532,NA,0.722812,0.013932,NA,0.277188,0.011817,NA,0.029775,0.061611,NA,0.736074,0.024934,0.026459,0.167507,0.976127,0.008621,0.024536,0.0437,NA,0.045431,0.034085,NA,0.023541,0.029509
WCPCB_OR-POH007-20181128.1,Willamette River at Willamette Moorage Park,WCPCB_OR-POH007,11/28/18,45.4707282,-122.6669066,pg/L,0.92,0.224667,0.301267,1.506667,0.043867,0.364,0.140467,1.053333,0.137267,0.065133,5.5,0.286,NA,0.411333,0.426,1.046667,0.906667,0.232,1.253333,1.553333,0.539333,NA,0.023733,0.305333,0.211333,0.111333,0.986667,0.378667,NA,0.054733,0.027733,0.178,NA,NA,0.370667,0.189333,0.0308,13.266667,29.066667,0.094207,0.144,0.404667,0.084667,1.26,0.007267,NA,0.479333,NA,NA,0.057933,0.102667,1.08,0.025067,0.327333,0.464667,0.0196,7.133333,NA,0.006173,0.063,NA,0.014867,NA,NA,0.093333,0.86,0.232667,0.278667,0.608,0.157333,0.010733,0.873333,0.231333,0.926667,NA,0.009533,0.0144,NA,0.216667,NA,0.024467,0.043133,1.013333,NA,NA,0.0176,0.534667,NA,NA,NA,0.024467,NA,NA,0.069333,0.546,0.035267,0.0106,0.184,NA,0.039,0.334,0.065667,0.0316,0.0108,0.088667,NA,0.030267,NA,0.134667,0.636,NA,NA,NA,0.598,NA,0.048733,0.052467,NA,NA,NA,0.0384,NA,0.019933,NA,0.890667,0.021,0.013267,0.075333,NA,0.013333,0.044933,0.019133,0.041667,0.227333,NA,NA,0.0546,NA,NA,0.12,NA,NA,NA,NA,NA,0.0424,0.013067,0.0244,0.014733,0.047,NA,0.177,0.033133,NA,NA,0.040467,NA,0.020067,0.025267
WCPCB_OR-POH007-20181128.2,Willamette River at Willamette Moorage Park,WCPCB_OR-POH007,11/28/18,45.4707282,-122.6669066,pg/L,0.09,0.065,0.237333,0.177333,NA,0.274667,0.114667,1.394,0.102,0.090333,1.82,NA,NA,0.175333,0.561333,1.321333,0.325333,0.2846,0.558667,0.321333,0.744,NA,0.007,0.092,0.114,0.139467,0.442667,0.508667,0.03142,0.091933,0.048067,0.317333,NA,NA,0.292667,0.325333,0.023,4.993333,1.626667,0.088667,0.090667,0.686667,0.178,2.12,NA,NA,0.184667,NA,NA,0.079333,0.226,0.88,NA,0.246,1.120667,NA,0.986667,NA,NA,0.159,NA,0.037,NA,NA,0.157333,0.502,0.291333,0.146667,0.94,0.172667,NA,1.353333,0.282,0.94,NA,0.00558,0.011667,NA,0.784,NA,0.074667,0.123333,1.64,NA,NA,0.0358,1.794667,0.011533,NA,0.019067,0.0246,0.016733,NA,0.388,2.706667,0.152,0.018533,0.924,0.038693,0.123333,0.713333,0.266333,0.128267,0.022133,0.480667,NA,0.081333,NA,0.39,1.82,NA,NA,NA,2.173333,0.014807,0.286,0.252,0.066273,NA,NA,0.180667,NA,0.1,NA,0.070667,0.236,0.173333,0.975333,0.034673,0.097333,0.476,0.203333,0.336667,2.393333,0.007,0.006227,0.576,0.020467,NA,1.286667,NA,0.03154,0.224733,0.044267,NA,0.655733,0.23,0.323333,0.098667,0.846667,0.07834,0.022333,0.539333,NA,0.036867,0.479133,0.051133,0.121333,0.29
WCPCB_OR-POH007-20181128.3,Willamette River at Willamette Moorage Park,WCPCB_OR-POH007,11/28/18,45.4707282,-122.6669066,pg/L,1.01,0.289667,0.063933,1.684,0.072267,0.089333,NA,0.340667,0.035267,NA,7.32,0.313333,NA,0.586667,0.135333,0.274667,1.232,0.0526,1.812,1.874667,0.204667,NA,0.030733,0.397333,0.325333,0.028133,1.429333,0.13,0.00662,0.0372,0.020333,0.139333,NA,NA,0.663333,0.136,0.0538,18.26,30.693333,NA,0.234667,1.091333,0.262667,0.86,0.012807,NA,0.294667,NA,NA,0.137267,0.123333,1.96,0.0478,0.573333,0.656,0.038467,8.12,NA,0.011713,0.096,NA,0.022133,NA,NA,0.250667,1.362,0.524,0.425333,1.548,0.33,0.016273,2.226667,0.513333,1.866667,NA,0.015113,0.026067,NA,0.567333,NA,0.099133,0.166467,2.653333,NA,NA,0.0534,1.26,0.017207,NA,0.025707,0.049067,0.022907,NA,0.457333,3.252667,0.187267,0.029133,0.74,0.032133,0.162333,1.047333,0.200667,0.096667,0.032933,0.569333,NA,0.1116,NA,0.524667,2.456,NA,NA,NA,2.771333,0.009133,0.334733,0.304467,0.0606,NA,NA,0.219067,NA,0.119933,NA,0.82,0.257,0.1866,0.9,0.029,0.110667,0.520933,0.222467,0.378333,2.620667,0.012673,0.0119,0.6306,0.02614,NA,1.406667,NA,0.025867,0.214,0.04994,NA,0.613333,0.243067,0.347733,0.1134,0.893667,0.072667,0.154667,0.572467,NA,0.04254,0.438667,0.064267,0.1414,0.315267
WCPCB_OR-POH002-20181130.1,Multnomah Channel,WCPCB_OR-POH002,11/30/18,45.6194068,-122.800134,pg/L,0.128495,0.128495,0.100533,0.239015,NA,0.154461,0.123901,2.373502,0.185952,NA,2.3502,NA,NA,0.422104,1.052597,1.633822,1.704394,1.274967,2.143808,1.038615,1.311585,NA,0.030293,0.531292,0.406125,0.305593,1.065246,1.082557,0.03269,0.11478,0.053595,0.661784,0.01731,0.031625,0.838881,0.86285,0.071238,3.988016,6.14514,0.233688,0.273635,1.531292,0.549933,4.973369,0.048602,NA,1.318242,NA,NA,0.147803,0.272304,2.037284,0.079893,0.640479,2.316911,0.043409,2.909454,0.10233,0.017909,0.219041,NA,0.110786,NA,NA,0.190413,1.278296,0.604527,0.297603,1.191744,0.416778,0.023302,2.13715,0.563915,2.343542,0.035087,0.04028,0.066112,0.014714,1.471372,NA,0.245406,0.099867,7.643142,0.016465,NA,0.07257,3.834887,0.022703,NA,0.081625,0.026831,NA,NA,0.127164,1.058589,0.074567,0.013981,2.898802,0.161119,0.422104,0.832224,1.015313,0.375033,0.019108,0.201065,NA,0.071238,NA,0.299601,1.478029,0.044474,NA,NA,1.08522,0.017989,0.083888,0.685752,0.129228,NA,0.018995,0.485353,NA,0.024767,NA,1.840213,0.03968,0.019108,2.1498,0.080899,0.282423,0.08522,0.04008,0.069907,0.348202,0.021372,NA,0.095206,NA,NA,0.194407,0.014933,0.076917,0.426099,0.094893,NA,1.042943,0.017643,0.01518,0.009321,0.058189,0.159534,0.330892,0.034354,NA,0.063735,1.100866,NA,NA,1.38482
WCPCB_OR-POH002-20181130.2,Multnomah Channel,WCPCB_OR-POH002,11/30/18,45.6194068,-122.800134,pg/L,0.960719,0.390146,0.391478,2.302929,NA,0.558589,0.032024,0.582557,0.040146,0.117244,9.207723,0.268309,NA,0.998003,0.240346,0.408788,2.25233,0.223036,3.561917,1.641145,0.45273,NA,0.039281,0.804261,0.653795,0.069241,2.6498,0.296937,0.013449,0.058389,0.023569,0.375499,0.023968,0.008056,1.577896,0.390812,0.044274,6.544607,7.003995,0.082557,0.260985,2.92277,0.872836,2.303595,0.161784,0.053662,0.865513,NA,NA,0.284288,0.440746,5.51265,0.144075,0.685752,3.442077,0.071305,0.33755,0.052264,NA,0.290945,NA,0.074567,NA,NA,0.685752,4.300932,1.603196,1.036618,4.114514,1.169108,0.037417,6.697736,0.998668,5.705726,0.064647,0.03269,0.107856,0.023502,1.816245,NA,0.06032,0.388149,2.310253,0.010786,NA,0.096405,4.946738,0.041079,0.012383,0.062716,0.056658,0.035286,NA,1.212383,8.581891,0.54727,0.065579,2.483356,0.136485,0.344874,3.415446,0.81225,0.322237,0.164248,1.466045,NA,0.256325,NA,1.664447,6.964048,0.034154,0.019973,0.010519,7.543276,0.011451,0.849534,0.779627,0.117177,NA,0.013316,0.564581,NA,0.271105,NA,1.750999,0.620905,0.348868,2.023968,0.074567,0.26498,1.183755,0.569374,0.942077,5.201731,0.027051,0.028229,1.453395,0.017111,NA,2.930759,0.009254,0.071238,0.400133,0.089214,NA,0.998668,0.462383,0.528495,0.223036,1.462983,0.153129,0.339547,0.873236,NA,0.058056,1.058589,0.121505,0.356858,1.412783
WCPCB_OR-POH002-20181130.3,Multnomah Channel,WCPCB_OR-POH002,11/30/18,45.6194068,-122.800134,pg/L,0.832224,0.261651,0.290945,2.063915,NA,0.404128,0.091877,1.790945,0.145806,0.091212,6.857523,0.100533,NA,0.575899,0.81225,1.225033,0.547936,1.051931,1.418109,0.60253,0.858855,NA,0.008988,0.272969,0.24767,0.236352,1.584554,0.785619,0.019241,0.056391,0.030027,0.286285,0.006658,0.023569,0.739015,0.472037,0.115513,2.556591,0.858855,0.151132,0.534621,1.391478,0.322903,2.669774,0.113182,0.025832,0.45273,NA,NA,0.136485,0.168442,3.475366,0.064181,1.326232,1.125166,0.027896,3.247004,0.050067,0.023795,0.071904,NA,0.036218,NA,NA,0.49534,3.022636,0.998668,0.739015,2.92277,0.75233,0.060719,4.560586,1.562583,3.362184,0.029561,0.072969,0.173968,0.008788,0.344874,NA,0.185087,0.488016,5.332889,NA,NA,0.023835,1.111851,0.063782,0.018063,0.018908,0.083489,0.040965,NA,1.08522,7.523302,0.472703,0.079561,0.415446,0.024634,0.07723,2.583222,0.203063,0.052796,0.14514,1.26498,NA,0.327563,NA,1.364847,5.486019,0.01032,0.025652,0.016198,6.458056,0.006538,0.765646,0.093875,0.012051,NA,NA,0.079228,NA,0.246338,NA,0.089214,0.581225,0.367976,0.125832,0.006332,0.017443,1.098535,0.529294,0.87217,4.853529,NA,0.033908,1.358189,0.02279,NA,2.736352,NA,NA,0.025965,NA,NA,0.044274,0.44474,0.513316,0.213715,1.404794,0.006405,0.008655,0.838881,NA,NA,0.042277,0.106525,0.373901,0.027963
WCPCB_OR-POH006-20181130.1,Willamette River at south Broadway Bridge,WCPCB_OR-POH006,11/30/18,45.5302925,-122.6725305,pg/L,0.073319,0.113977,0.079984,0.135306,NA,0.090649,0.017197,1.162434,0.035326,NA,1.259748,NA,NA,0.149303,0.485903,0.826501,0.826501,0.236686,1.073119,0.625875,0.624542,NA,NA,0.066187,0.191962,0.125375,0.391255,0.343931,0.017663,0.065853,0.025861,0.281277,0.015797,NA,0.390589,0.327934,0.023395,5.112311,5.565554,0.103846,0.145304,0.61521,0.164634,2.519496,NA,0.019863,0.588549,NA,NA,0.068653,0.133307,0.986469,0.021062,0.627208,0.779844,0.01873,2.306205,NA,NA,0.104646,NA,0.063521,NA,NA,0.368593,0.423915,0.841165,0.141972,0.535226,0.124642,0.012997,0.759848,0.683197,2.579484,NA,0.007199,0.007065,NA,0.979804,NA,0.027661,0.037393,0.926481,NA,NA,0.014797,2.119576,0.006865,NA,NA,0.018396,0.014131,NA,0.083983,0.523229,0.289209,NA,1.448377,0.078984,0.034593,0.262614,0.399253,0.239752,0.010531,0.721856,NA,0.027328,NA,0.674532,0.637206,NA,NA,NA,0.483903,0.008465,0.051456,0.042725,0.05219,NA,NA,0.037259,NA,0.021196,NA,0.801173,0.025928,0.173565,0.814504,0.037393,0.10098,0.480904,0.237552,0.3356,0.203293,NA,NA,0.05219,NA,NA,1.198427,NA,0.023995,0.202693,NA,NA,0.495101,0.202426,0.235886,0.01593,0.081984,0.076985,0.157302,0.368526,NA,NA,0.406252,0.064387,0.158102,0.328601
WCPCB_OR-POH006-20181130.2,Willamette River at south Broadway Bridge,WCPCB_OR-POH006,11/30/18,45.5302925,-122.6725305,pg/L,0.426581,0.340599,0.287276,0.961808,NA,0.295274,0.093848,0.275945,0.124642,NA,5.965474,0.178231,NA,0.476571,0.105979,0.190629,1.139772,0.050057,0.505232,0.253283,0.155969,NA,0.013197,0.214624,0.086649,0.024728,1.204426,0.11531,0.007199,0.027261,0.010998,0.162634,NA,NA,0.253283,0.125308,0.026528,1.353063,0.686529,0.029861,0.109978,0.435246,0.248617,1.273079,0.016637,NA,0.359928,NA,NA,0.04799,0.133973,1.559688,NA,0.271279,1.283743,NA,0.259281,NA,NA,0.147637,NA,0.051856,NA,NA,0.285943,1.479704,0.600547,0.467906,1.752983,0.339932,0.023195,3.219356,0.487902,1.819636,0.008132,0.012864,0.024928,NA,1.19976,NA,0.169633,0.169966,3.759248,NA,NA,0.043925,2.65147,NA,NA,0.033373,0.034926,NA,NA,0.723189,4.3358,0.256615,0.057322,1.273079,0.067986,0.235886,1.262414,0.3326,0.210625,0.091848,0.639205,NA,0.126641,NA,0.539225,3.196694,NA,0.007532,NA,3.429981,0.014131,0.516697,0.401253,0.046524,NA,NA,0.252616,NA,0.175165,NA,0.733187,0.281877,0.155302,0.753183,0.031727,0.095314,0.438579,0.19996,0.305272,2.069586,NA,NA,0.469906,0.012331,NA,1.033127,NA,0.01833,0.186629,0.030594,NA,0.436579,0.183297,0.205959,0.091248,0.656535,0.071319,0.170499,0.037926,NA,0.028594,0.355929,0.049124,0.139972,0.359928
WCPCB_OR-POH006-20181130.3,Willamette River at south Broadway Bridge,WCPCB_OR-POH006,11/30/18,45.5302925,-122.6725305,pg/L,0.353263,0.226621,0.207292,0.826501,NA,0.204626,0.076651,0.886489,0.089315,NA,4.705726,0.060255,NA,0.327268,0.379924,0.635873,0.313271,0.186629,1.578351,0.879158,0.468573,NA,0.018836,0.280811,0.278611,0.100647,0.813171,0.228621,NA,0.038592,0.014864,0.118643,0.025128,NA,0.643871,0.202626,0.049923,6.465374,6.252083,0.073985,0.255282,1.050457,0.083983,1.246417,0.010998,0.041992,0.228621,NA,NA,0.116643,0.26728,2.546157,0.040925,0.355929,0.503899,0.03526,2.565487,NA,NA,0.042991,NA,NA,NA,NA,0.08265,1.903619,0.240619,0.609878,2.288209,0.464574,0.036193,2.459508,0.195294,0.759848,0.013797,0.020063,0.031994,NA,0.219956,NA,0.141972,0.207359,2.832767,NA,NA,0.058722,0.531894,0.012504,NA,0.027061,0.053323,0.019796,NA,0.639205,3.812571,0.032593,0.062987,0.175298,0.010998,0.201293,0.9998,0.066653,0.029128,0.081317,0.08265,NA,0.153969,NA,0.135306,2.559488,NA,0.013197,NA,2.946077,NA,0.46524,0.443978,NA,NA,NA,0.289875,NA,0.153969,NA,0.067986,0.255949,0.018263,0.061321,NA,NA,0.042325,0.037592,0.030327,1.866293,NA,NA,0.522096,0.017996,NA,0.1653,NA,NA,0.016063,0.036259,NA,0.058522,0.01913,0.029927,0.075318,0.574552,NA,0.013197,0.330601,NA,0.022929,0.050323,NA,0.01813,0.031327
WCPCB_OR-POH004-20181201.3,Willamette River at south Burlington Northern Railroad Bridge 5.1,WCPCB_OR-POH004,12/1/18,45.5759428,-122.7451604,pg/L,0.469333,0.273133,0.281333,1.372,NA,0.332667,0.103267,1.151333,0.1318,NA,5.186667,0.382333,NA,0.618,0.192667,1.076667,1.406,0.786,2.333333,1.129333,0.301333,NA,0.007267,0.098,0.418667,0.044267,1.726667,0.235333,NA,0.037867,0.013333,0.252667,NA,NA,1.010667,0.547333,0.07,10.9,5.173333,0.141733,0.35,1.76,0.492667,3.32,0.076267,NA,0.520667,NA,NA,0.183333,0.332,3.28,0.0804,0.402667,2.126667,0.039533,2.613333,NA,0.015647,0.2128,NA,0.042333,NA,NA,0.31,2.373333,0.593333,0.618667,2.546667,0.587333,0.0446,3.793333,0.538,3.253333,0.038333,0.0356,0.085733,NA,1.159333,NA,0.151133,0.266867,4.666667,NA,NA,0.062733,2.966667,0.026,NA,0.041867,0.0642,0.021087,NA,0.688,4.96,0.264667,0.0698,1.727333,0.089867,0.254933,1.884667,0.596667,0.215333,0.083333,0.706667,NA,0.23,NA,0.74,4.113333,0.018667,0.017313,NA,4.18,0.014733,0.488667,0.441333,0.062733,NA,0.009267,0.337133,NA,0.141333,NA,1.019333,0.3386,0.159333,1.106667,0.046,0.128,0.596667,0.239333,0.437333,2.598667,0.018313,NA,0.8,0.016733,NA,1.433333,NA,0.030733,0.242667,0.042447,NA,0.588,0.195333,0.264667,0.162533,0.918667,0.080667,0.1956,0.413333,NA,0.024247,0.410667,0.047867,0.144,0.361133
WCPCB_OR-POH004-20181201.1,Willamette River at south Burlington Northern Railroad Bridge 5.1,WCPCB_OR-POH004,12/1/18,45.5759428,-122.7451604,pg/L,0.390667,0.208,0.204667,1.166667,NA,0.227333,0.076667,0.773333,0.09,NA,3.766667,0.063,NA,0.390667,0.636667,0.356667,0.466,0.144667,0.906667,0.673333,0.918,NA,0.029,0.354667,0.257333,0.124267,0.706667,0.715333,NA,0.034133,0.040267,0.464667,NA,NA,0.523333,0.298,0.044533,6.333333,4,0.053733,0.161333,0.973333,0.299333,1.88,0.052933,NA,0.846,NA,NA,0.089333,0.137333,1.3,0.041467,0.848667,0.773333,0.0212,0.766667,NA,NA,0.063467,NA,0.0592,NA,NA,0.472,0.806667,0.956,0.43,1.686667,0.37,0.031333,2.473333,0.924,1.953333,0.016867,0.020133,0.0502,0.013247,0.266,NA,0.108667,0.202,3.06,NA,NA,0.0458,0.76,0.018667,0.012413,0.0328,0.036067,NA,NA,0.580667,4.146667,0.3216,0.0522,0.287333,0.016533,0.2,1.42,0.14,0.040667,0.071333,0.838667,NA,0.162667,NA,0.935333,2.98,0.010933,0.011667,NA,3.393333,0.008133,0.424667,0.368,0.06838,NA,0.014913,0.283333,NA,0.1618,NA,0.079333,0.305333,0.180133,1.232,0.051647,0.140467,0.6532,0.24498,0.495,2.36,0.012667,NA,0.713333,0.009467,NA,1.624667,NA,0.03638,0.260133,0.0368,NA,0.099333,0.220867,0.348,0.138667,0.753333,0.0902,0.0236,0.567333,NA,0.0186,0.593333,0.078667,0.215333,0.0418
WCPCB_OR-POH004-20181201.2,Willamette River at south Burlington Northern Railroad Bridge 5.1,WCPCB_OR-POH004,12/1/18,45.5759428,-122.7451604,pg/L,0.078667,0.065133,0.076667,0.205333,NA,0.105333,0.0266,0.378,0.0418,NA,1.42,0.319333,NA,0.227333,0.444,0.72,0.94,0.641333,1.426667,0.456,0.616667,NA,0.021733,0.256667,0.161333,0.08,1.02,0.48,NA,0.072,0.026933,0.212,NA,NA,0.487333,0.249333,0.025467,4.566667,1.173333,0.088,0.188667,0.786667,0.193333,1.44,0.023333,NA,0.325333,NA,NA,0.094,0.194667,1.98,0.038933,0.446,1.353333,0.018333,1.846667,NA,0.009867,0.149333,NA,0.016867,NA,NA,0.162,1.566667,0.362667,0.188667,0.86,0.217333,0.013267,1.32,0.386,1.3,0.021467,0.015467,0.035533,0.007467,0.893333,NA,0.042467,0.064867,1.606667,NA,NA,0.016933,2.206667,0.007333,0.006633,0.009067,0.028133,0.0152,NA,0.107333,0.813333,0.056933,0.0176,1.44,0.073333,0.054933,0.464667,0.456667,0.174667,0.012,0.132,NA,0.067333,NA,0.195333,1.133333,0.007733,NA,NA,0.786667,0.0066,0.064,0.073333,NA,NA,NA,0.0538,NA,0.020467,NA,0.94,0.033267,0.0208,0.125333,NA,0.012467,0.056533,NA,0.057667,0.238667,NA,NA,0.086667,0.007267,NA,0.191333,NA,NA,0.017467,NA,NA,0.488667,0.025533,0.083333,0.023867,0.165333,0.009533,0.172,0.154,NA,NA,0.182667,0.0308,0.071333,0.319333
WCPCB_OR-POH007-20190126.1,Willamette River at Willamette Moorage Park,WCPCB_OR-POH007,1/26/19,45.4707282,-122.6669066,pg/L,0.315,0.285,0.35,0.85,NA,0.256,0.0515,0.92,0.0375,NA,3.54,0.0678,NA,0.66,0.444,0.783,1.09,0.242,1.85,0.943,0.575,NA,0.0125,0.347,0.362,0.115,1.45,0.409,NA,0.0805,0.048,0.499,NA,NA,0.813,0.465,0.0635,5.36,8.52,0.123,0.31,1.31,0.268,2.61,0.00428,0.0273,0.652,NA,NA,0.149,0.256,2.73,0.0626,0.758,1.59,0.0248,2.92,0.017,NA,0.225,NA,0.0193,NA,NA,0.294,1.57,0.547,0.512,1.69,0.333,NA,2.35,0.453,1.81,0.0182,0.0151,0.0267,NA,1.06,NA,0.122,0.204,2.87,NA,NA,0.0702,2.45,0.0144,NA,0.0418,0.0695,NA,NA,0.557,3.79,0.218,0.0386,0.9,0.0661,0.13,0.989,0.287,0.186,0.0642,0.525,NA,0.111,NA,0.548,2.56,NA,NA,NA,2.89,0.0141,0.403,0.349,0.0403,NA,0.00263,0.223,NA,0.178,NA,0.82,0.255,0.132,0.753,0.0252,0.0901,0.473,0.214,0.296,2.25,NA,0.0166,0.498,0.0153,NA,1.1,0.00222,0.0375,0.174,0.0497,NA,0.597,0.239,0.293,0.12,0.763,0.0747,0.217,0.575,NA,0.0361,0.674,0.107,0.257,0.985
WCPCB_OR-POH007-20190126.2,Willamette River at Willamette Moorage Park,WCPCB_OR-POH007,1/26/19,45.4707282,-122.6669066,pg/L,NA,0.117,NA,0.232,NA,0.12,NA,0.423,NA,NA,1.77,NA,NA,0.448,0.201,0.338,0.523,0.0743,0.995,0.408,0.315,NA,NA,0.116,0.189,0.0408,0.765,0.191,NA,0.052,0.033,0.388,NA,NA,0.508,0.283,0.036,1.86,1.02,0.0558,0.197,0.745,0.136,1.42,NA,0.0273,0.463,NA,NA,0.0938,0.177,1.84,0.043,0.45,1.18,0.0248,0.423,0.017,NA,0.198,NA,0.0193,NA,NA,0.242,1.24,0.405,0.428,1.34,0.233,NA,1.76,0.338,1.24,0.0133,0.0107,0.0179,NA,0.938,NA,0.0983,0.174,2.3,NA,NA,0.0625,2.1,0.0111,NA,0.0373,0.0605,NA,NA,0.51,3.43,0.192,0.0335,0.8,0.0573,0.108,0.848,0.245,0.162,0.0573,0.47,NA,0.0923,NA,0.48,2.24,NA,NA,NA,2.55,0.0114,0.38,0.318,0.0375,NA,NA,0.196,NA,0.165,NA,0.768,0.242,0.128,0.713,0.0226,0.084,0.45,0.197,0.28,2.08,NA,0.0166,0.463,0.0153,NA,1.01,NA,0.0325,0.163,0.044,NA,0.468,0.203,0.218,0.0983,0.545,0.066,0.198,0.403,NA,0.0308,0.453,0.062,0.17,0.95
WCPCB_OR-POH007-20190126.3,Willamette River at Willamette Moorage Park,WCPCB_OR-POH007,1/26/19,45.4707282,-122.6669066,pg/L,0.315,0.168,0.35,0.618,NA,0.136,0.0515,0.498,0.0375,NA,1.77,0.0678,NA,0.212,0.243,0.445,0.57,0.167,0.855,0.535,0.26,NA,0.0125,0.232,0.173,0.0738,0.683,0.218,NA,0.0285,0.015,0.112,NA,NA,0.305,0.183,0.0275,3.5,7.5,0.067,0.113,0.56,0.132,1.2,0.00428,NA,0.19,NA,NA,0.055,0.0788,0.893,0.0196,0.308,0.415,NA,2.5,NA,NA,0.0268,NA,NA,NA,NA,0.0518,0.338,0.142,0.0843,0.353,0.0995,NA,0.59,0.115,0.578,0.0049,0.00443,0.0088,NA,0.121,NA,0.0237,0.0308,0.57,NA,NA,0.00768,0.35,0.00335,NA,0.0045,0.009,NA,NA,0.0468,0.36,0.0258,0.00508,0.0995,0.00883,0.0221,0.141,0.042,0.0241,0.0069,0.055,NA,0.0189,NA,0.0675,0.328,NA,NA,NA,0.343,0.00275,0.0231,0.0315,0.00275,NA,0.00263,0.0268,NA,0.0126,NA,0.052,0.0127,0.00458,0.0405,0.00265,0.00605,0.0228,0.0174,0.0159,0.171,NA,NA,0.0358,NA,NA,0.0938,0.00222,0.00495,0.0114,0.0057,NA,0.13,0.036,0.0753,0.0213,0.218,0.00868,0.0198,0.172,NA,0.00538,0.222,0.045,0.0875,0.0345
WCPCB_OR-POH006-20190127.1,Willamette River at south Broadway Bridge,WCPCB_OR-POH006,1/27/19,45.5302925,-122.6725305,pg/L,2.16,0.328,0.968,2.55,NA,0.716,0.0675,1.98,0.0395,0.029,3.86,0.401,NA,1.76,0.448,1.19,1.36,0.458,2.08,1.66,0.586,NA,0.0106,0.519,0.514,0.208,1.75,0.549,NA,0.0688,0.0334,0.48,NA,NA,0.72,0.386,0.0432,7.83,30,0.133,0.279,1.32,0.308,2.66,0.00933,NA,0.567,NA,NA,0.138,0.268,2.55,0.0685,0.675,1.45,0.0389,5.88,NA,NA,0.198,NA,0.0228,NA,NA,0.289,1.49,0.563,0.497,1.69,0.362,0.00813,2.42,0.498,2.02,0.0043,0.00518,0.00673,NA,1.09,NA,0.121,0.226,2.82,NA,NA,0.0733,2.48,0.00263,NA,0.0288,0.0672,NA,NA,0.592,3.94,0.2,0.0365,0.974,0.0532,0.149,0.972,0.292,0.183,0.0681,0.545,NA,0.148,NA,0.511,2.61,NA,NA,NA,2.77,0.0152,0.472,0.303,0.03,NA,0.0148,0.219,NA,0.169,NA,0.749,0.189,0.127,0.575,0.0121,0.093,0.366,0.183,0.281,1.93,NA,NA,0.388,NA,NA,0.852,NA,0.0267,0.166,0.0249,NA,0.524,0.194,0.257,0.0684,0.58,0.047,0.139,0.34,NA,0.0348,0.427,0.071,0.179,0.784
WCPCB_OR-POH006-20190127.2,Willamette River at south Broadway Bridge,WCPCB_OR-POH006,1/27/19,45.5302925,-122.6725305,pg/L,1.83,0.163,0.645,1.9,NA,0.575,NA,1.52,NA,NA,2.08,0.308,NA,1.54,0.255,0.663,0.88,0.278,1.33,0.415,0.355,NA,NA,0.229,0.375,0.142,1.18,0.373,NA,0.0463,0.0215,0.38,NA,NA,0.393,0.218,0.021,1.9,0.71,0.0598,0.174,0.718,0.173,1.51,NA,NA,0.408,NA,NA,0.0775,0.194,1.74,0.0465,0.41,1.01,0.027,0.45,NA,NA,0.172,NA,0.0228,NA,NA,0.248,1.16,0.418,0.413,1.34,0.246,NA,1.85,0.39,1.48,NA,NA,NA,NA,0.975,NA,0.104,0.198,2.31,NA,NA,0.069,2.16,NA,NA,0.0288,0.0573,NA,NA,0.545,3.58,0.175,0.0365,0.883,0.0443,0.13,0.848,0.244,0.171,0.061,0.493,NA,0.131,NA,0.443,2.31,NA,NA,NA,2.44,0.013,0.44,0.278,0.03,NA,0.0148,0.197,NA,0.156,NA,0.705,0.177,0.127,0.538,0.0121,0.0878,0.345,0.167,0.26,1.8,NA,NA,0.353,NA,NA,0.768,NA,0.0224,0.158,0.0228,NA,0.488,0.182,0.228,0.063,0.513,0.0433,0.125,0.29,NA,0.0348,0.375,0.0585,0.152,0.765
WCPCB_OR-POH006-20190127.3,Willamette River at south Broadway Bridge,WCPCB_OR-POH006,1/27/19,45.5302925,-122.6725305,pg/L,0.325,0.166,0.323,0.65,NA,0.141,0.0675,0.468,0.0395,0.029,1.78,0.0933,NA,0.228,0.193,0.528,0.48,0.18,0.753,1.25,0.231,NA,0.0106,0.29,0.139,0.066,0.575,0.176,NA,0.0226,0.0119,0.0998,NA,NA,0.328,0.169,0.0223,5.93,29.3,0.0728,0.105,0.598,0.135,1.16,0.00933,NA,0.159,NA,NA,0.0608,0.0745,0.808,0.022,0.265,0.438,0.0119,5.43,NA,NA,0.026,NA,NA,NA,NA,0.041,0.328,0.145,0.084,0.343,0.116,0.00813,0.578,0.108,0.54,0.0043,0.00518,0.00673,NA,0.117,NA,0.0173,0.0273,0.515,NA,NA,0.00428,0.323,0.00263,NA,NA,0.0099,NA,NA,0.0473,0.36,0.0255,NA,0.091,0.00893,0.0196,0.124,0.048,0.0117,0.00713,0.0528,NA,0.0165,NA,0.0683,0.298,NA,NA,NA,0.338,0.0022,0.0318,0.0253,NA,NA,NA,0.0222,NA,0.0132,NA,0.044,0.0116,NA,0.037,NA,0.0052,0.0212,0.0161,0.0215,0.137,NA,NA,0.0353,NA,NA,0.084,NA,0.00433,0.0089,0.00213,NA,0.0368,0.0121,0.0283,0.00543,0.0675,0.00373,0.0149,0.0503,NA,NA,0.0515,0.0125,0.0275,0.0187
WCPCB_OR-POH004-20190217.1,Willamette River at south Burlington Northern Railroad Bridge 5.1,WCPCB_OR-POH004,2/17/19,45.5759428,-122.7451604,pg/L,0.383,0.223,0.281,1.08,0.0194,0.199,0.0731,0.677,0.0525,0.0485,4.08,0.0925,NA,0.376,0.619,1.21,1.5,0.524,2.66,2.27,0.801,0.00438,0.0159,0.751,0.537,0.175,2.05,0.567,0.0123,0.0955,0.0393,0.673,0.00378,0.0153,1.48,0.831,0.0866,10.7,34.9,0.229,0.44,2.5,0.551,4.08,0.0301,NA,1.14,NA,NA,0.249,0.442,4.36,0.112,1.24,2.62,0.0577,6.75,0.0398,0.0266,0.318,NA,0.0423,NA,NA,0.464,2.55,0.93,0.707,2.67,0.666,0.0471,4.19,0.88,3.36,0.00958,0.0368,0.0646,0.00346,1.49,NA,0.144,0.326,4.74,NA,NA,0.0939,3.93,0.0272,NA,0.0545,0.0993,NA,NA,0.919,8.14,0.423,0.0733,2.07,0.138,0.331,2.35,0.743,0.177,0.0803,1.42,NA,0.313,NA,1.24,6.09,NA,NA,NA,6.51,0.00455,0.778,0.71,0.0878,NA,0.00303,0.644,NA,0.307,NA,2.26,0.649,0.373,2.21,0.107,0.274,1.41,0.513,0.824,5.53,NA,NA,1.49,0.016,NA,2.75,NA,0.1,0.534,0.108,NA,1.05,0.411,0.571,0.2,1.28,0.113,0.268,0.751,NA,0.0492,0.748,0.0962,0.227,1.17
WCPCB_OR-POH004-20190217.2,Willamette River at south Burlington Northern Railroad Bridge 5.1,WCPCB_OR-POH004,2/17/19,45.5759428,-122.7451604,pg/L,NA,0.1,NA,NA,NA,NA,NA,NA,NA,NA,2.01,NA,NA,NA,0.254,0.49,0.542,0.106,1.43,0.52,0.413,NA,NA,0.201,0.284,0.0572,1.12,0.254,NA,0.0565,0.0237,0.483,NA,NA,0.856,0.48,0.0405,3.13,1.37,0.0871,0.256,1.32,0.248,2.14,NA,NA,0.841,NA,NA,0.13,0.331,3.06,0.0784,0.734,1.94,0.0415,0.706,0.0398,NA,0.276,NA,0.0423,NA,NA,0.393,1.93,0.664,0.572,2.13,0.47,0.0311,3.26,0.667,2.38,NA,0.0261,0.0418,NA,1.3,NA,0.123,0.286,3.76,NA,NA,0.0803,3.36,0.019,NA,0.0478,0.0776,NA,NA,0.853,7.64,0.388,0.0677,1.91,0.128,0.301,2.08,0.667,0.156,0.0709,1.33,NA,0.286,NA,1.14,5.65,NA,NA,NA,6.02,NA,0.734,0.664,0.0878,NA,NA,0.604,NA,0.291,NA,2.2,0.629,0.356,2.12,0.103,0.266,1.37,0.488,0.789,5.32,NA,NA,1.44,0.016,NA,2.64,NA,0.095,0.517,0.105,NA,0.983,0.391,0.525,0.183,1.15,0.106,0.251,0.654,NA,0.0463,0.642,0.0744,0.186,1.14
WCPCB_OR-POH004-20190217.3,Willamette River at south Burlington Northern Railroad Bridge 5.1,WCPCB_OR-POH004,2/17/19,45.5759428,-122.7451604,pg/L,0.383,0.122,0.281,1.08,0.0194,0.199,0.0731,0.677,0.0525,0.0485,2.06,0.0925,NA,0.376,0.366,0.724,0.958,0.418,1.23,1.75,0.388,0.00438,0.0159,0.55,0.254,0.118,0.933,0.313,0.0123,0.0391,0.0156,0.191,0.00378,0.0153,0.624,0.351,0.046,7.61,33.6,0.142,0.184,1.19,0.303,1.94,0.0301,NA,0.303,NA,NA,0.119,0.111,1.3,0.0336,0.51,0.682,0.0161,6.04,NA,0.0266,0.0423,NA,NA,NA,NA,0.0714,0.627,0.266,0.135,0.537,0.196,0.016,0.935,0.213,0.98,0.00958,0.0107,0.0228,0.00346,0.187,NA,0.0205,0.0398,0.988,NA,NA,0.0135,0.57,0.00821,NA,0.00669,0.0216,NA,NA,0.0657,0.502,0.0353,0.0056,0.164,0.00993,0.0296,0.264,0.0761,0.0208,0.00938,0.0903,NA,0.0266,NA,0.102,0.445,NA,NA,NA,0.495,0.00455,0.0445,0.046,NA,NA,0.00303,0.0396,NA,0.0156,NA,0.0669,0.0195,0.0168,0.0836,0.00316,0.00821,0.0373,0.0256,0.0353,0.205,NA,NA,0.046,NA,NA,0.113,NA,0.0051,0.0162,0.00264,NA,0.0706,0.0207,0.046,0.0173,0.131,0.00684,0.0168,0.0973,NA,0.00291,0.106,0.0218,0.0403,0.0306
WCPCB_OR-POH005-20190217.1,Willamette River at NW Front Ave,WCPCB_OR-POH005,2/17/19,45.5583833,-122.7186394,pg/L,0.341,0.227,0.256,0.794,0.0186,0.195,0.0623,1.12,0.0436,0.0436,5.23,0.091,0.0201,0.782,0.505,0.896,1.31,0.412,2.09,1.48,0.699,NA,0.0156,0.474,0.418,0.142,1.66,0.463,0.00536,0.0818,0.0408,0.517,NA,0.00706,1.14,0.597,0.0791,6.61,19.4,0.172,0.373,1.68,0.368,3.16,0.0124,NA,0.86,NA,NA,0.198,0.354,3.51,0.0808,0.988,2.13,0.0486,4.68,0.0381,NA,0.256,NA,0.0453,NA,NA,0.385,1.83,0.679,0.61,1.9,0.445,0.0395,2.66,0.582,2.27,0.00782,0.034,0.04,0.0136,1.12,NA,0.12,0.217,3.28,NA,NA,0.0557,2.58,0.0138,NA,0.0384,0.0645,NA,NA,0.563,4.2,0.207,0.00538,1.14,0.0583,0.164,1.15,0.349,0.188,0.0393,0.625,NA,0.136,NA,0.636,3.19,0.017,NA,NA,3.54,0.02,0.433,0.348,0.04,NA,NA,0.259,NA,0.157,NA,0.908,0.266,0.177,0.947,0.0358,0.101,0.502,0.23,0.4,2.37,NA,0.00334,0.614,0.0188,NA,1.22,NA,0.0467,0.174,0.031,NA,0.505,0.213,0.266,0.0974,0.719,0.0718,0.175,0.459,NA,0.0255,0.432,0.0571,0.198,1.12
WCPCB_OR-POH005-20190217.2,Willamette River at NW Front Ave,WCPCB_OR-POH005,2/17/19,45.5583833,-122.7186394,pg/L,NA,0.0945,NA,NA,NA,NA,NA,0.536,NA,NA,3.06,NA,NA,0.46,0.213,0.36,0.573,0.0848,1.05,0.443,0.355,NA,NA,0.195,0.204,0.0472,0.839,0.186,NA,0.0521,0.028,0.37,NA,NA,0.659,0.358,0.041,2.46,0.853,0.0768,0.228,0.962,0.174,1.77,NA,NA,0.604,NA,NA,0.116,0.244,2.44,0.0519,0.607,1.56,0.0332,0.393,0.0239,NA,0.222,NA,0.0353,NA,NA,0.322,1.41,0.488,0.502,1.47,0.308,0.0284,1.97,0.445,1.59,NA,0.0256,0.0294,0.0136,0.986,NA,0.101,0.192,2.58,NA,NA,0.0457,2.18,0.0138,NA,0.0384,0.0531,NA,NA,0.514,3.79,0.185,NA,1.03,0.0507,0.146,0.988,0.303,0.172,0.0346,0.564,NA,0.118,NA,0.569,2.87,0.017,NA,NA,3.18,0.018,0.4,0.318,0.04,NA,NA,0.232,NA,0.145,NA,0.865,0.251,0.161,0.886,0.0327,0.0931,0.469,0.213,0.367,2.23,NA,NA,0.569,0.0188,NA,1.13,NA,0.0467,0.16,0.031,NA,0.474,0.205,0.251,0.0915,0.671,0.0666,0.162,0.424,NA,0.0227,0.398,0.0571,0.179,1.08
WCPCB_OR-POH005-20190217.3,Willamette River at NW Front Ave,WCPCB_OR-POH005,2/17/19,45.5583833,-122.7186394,pg/L,0.341,0.132,0.256,0.794,0.0186,0.195,0.0623,0.585,0.0436,0.0436,2.18,0.091,0.0201,0.322,0.291,0.536,0.732,0.327,1.03,1.03,0.344,NA,0.0156,0.28,0.214,0.095,0.822,0.277,0.00536,0.0296,0.0128,0.147,NA,0.00706,0.483,0.239,0.0382,4.15,18.6,0.0953,0.145,0.723,0.194,1.39,0.0124,NA,0.256,NA,NA,0.082,0.11,1.07,0.0289,0.382,0.566,0.0155,4.29,0.0141,NA,0.0344,NA,0.00998,NA,NA,0.0628,0.417,0.191,0.108,0.422,0.137,0.011,0.694,0.136,0.68,0.00782,0.00836,0.0106,NA,0.136,NA,0.0191,0.0254,0.697,NA,NA,0.01,0.393,NA,NA,NA,0.0114,NA,NA,0.0488,0.412,0.0222,0.00538,0.113,0.00756,0.018,0.158,0.0455,0.0163,0.00469,0.0614,NA,0.0176,NA,0.0678,0.32,NA,NA,NA,0.363,0.002,0.0325,0.0306,NA,NA,NA,0.0273,NA,0.0118,NA,0.0429,0.015,0.0155,0.0611,0.00313,0.00806,0.0332,0.0173,0.0327,0.144,NA,0.00334,0.0457,NA,NA,0.0931,NA,NA,0.0139,NA,NA,0.0315,0.00844,0.0145,0.0059,0.0483,0.00524,0.0135,0.0348,NA,0.00282,0.0341,NA,0.0194,0.0398
WCPCB_OR-POH001-20190218.1,Willamette River North,WCPCB_OR-POH001,2/18/19,45.6349878,-122.7867917,pg/L,0.405,0.226,0.34,1.27,NA,0.336,0.0895,1.17,0.0595,0.0363,3.47,0.192,NA,0.828,0.476,1.35,1.27,0.48,2.4,3.01,0.76,NA,0.0128,0.993,0.44,0.148,1.86,0.48,0.00745,0.0865,0.0516,0.571,NA,0.014,1.22,0.625,0.045,14.8,61.6,0.17,0.394,2.08,0.451,3.56,0.025,NA,0.845,NA,NA,0.215,0.213,3.49,0.0818,0.995,2.09,0.046,13.9,0.0435,0.0121,0.228,NA,0.0389,NA,NA,0.328,2,0.674,0.565,1.92,0.545,0.0371,2.95,0.597,2.37,0.00833,0.0182,0.0504,0.00216,1.07,NA,0.126,0.219,3.24,NA,NA,0.0632,2.65,0.0155,NA,0.0318,0.0615,0.0169,NA,0.513,3.78,0.247,0.039,1.11,0.0677,0.166,1.23,0.433,0.138,0.0714,0.609,NA,0.137,NA,0.676,3.16,0.0122,0.0022,NA,3.28,0.0147,0.411,0.326,0.0443,NA,0.014,0.274,NA,0.178,NA,0.914,0.246,0.165,0.825,0.0323,0.0996,0.534,0.207,0.387,2.43,NA,0.011,0.534,0.0129,NA,1.17,NA,0.0307,0.189,0.03,NA,0.544,0.261,0.232,0.103,0.644,0.0784,0.203,0.41,NA,0.0389,0.493,0.061,0.194,0.861
WCPCB_OR-POH001-20190218.2,Willamette River North,WCPCB_OR-POH001,2/18/19,45.6349878,-122.7867917,pg/L,NA,0.076,NA,0.227,NA,0.104,NA,0.393,NA,NA,1.48,0.0663,NA,0.453,0.201,0.625,0.523,0.0975,1.1,0.483,0.365,NA,NA,0.238,0.192,0.0523,0.848,0.175,NA,0.048,0.03,0.4,NA,NA,0.658,0.355,0.045,3.55,1.83,0.0668,0.223,1,0.183,1.76,NA,NA,0.565,NA,NA,0.126,0.213,2.1,0.0478,0.583,1.37,0.0249,0.998,0.017,0.0121,0.194,NA,0.0263,NA,NA,0.27,1.46,0.463,0.445,1.48,0.348,0.0268,2.08,0.423,1.53,NA,0.0108,0.0368,NA,0.913,NA,0.106,0.18,2.49,NA,NA,0.054,2.15,0.0124,NA,0.027,0.0498,0.0169,NA,0.458,3.3,0.22,0.0323,0.965,0.0588,0.144,1.03,0.373,0.116,0.0598,0.525,NA,0.114,NA,0.57,2.73,0.0122,NA,NA,2.78,0.0115,0.375,0.285,0.0443,NA,0.014,0.238,NA,0.16,NA,0.86,0.233,0.153,0.77,0.0295,0.093,0.503,0.189,0.36,2.26,NA,0.011,0.49,0.0129,NA,1.06,NA,0.0275,0.177,0.03,NA,0.498,0.245,0.209,0.0938,0.583,0.074,0.192,0.363,NA,0.0355,0.44,0.0518,0.175,0.83
WCPCB_OR-POH001-20190218.3,Willamette River North,WCPCB_OR-POH001,2/18/19,45.6349878,-122.7867917,pg/L,0.405,0.15,0.34,1.04,NA,0.232,0.0895,0.78,0.0595,0.0363,2,0.126,NA,0.375,0.275,0.728,0.743,0.383,1.3,2.53,0.395,NA,0.0128,0.755,0.249,0.0955,1.01,0.305,0.00745,0.0385,0.0216,0.171,NA,0.014,0.56,0.27,NA,11.3,59.8,0.103,0.172,1.08,0.268,1.8,0.025,NA,0.28,NA,NA,0.0885,NA,1.39,0.034,0.413,0.713,0.021,12.9,0.0265,NA,0.0345,NA,0.0127,NA,NA,0.0583,0.543,0.212,0.12,0.445,0.198,0.0103,0.873,0.175,0.848,0.00833,0.00738,0.0136,0.00216,0.157,NA,0.0205,0.0383,0.75,NA,NA,0.00918,0.495,0.00315,NA,0.00478,0.0118,NA,NA,0.0558,0.478,0.0273,0.00673,0.147,0.00893,0.0216,0.205,0.0608,0.0229,0.0116,0.0838,NA,0.0228,NA,0.106,0.43,NA,0.0022,NA,0.508,0.00323,0.036,0.0405,NA,NA,NA,0.036,NA,0.018,NA,0.054,0.0139,0.0122,0.0553,0.00275,0.00658,0.0318,0.018,0.027,0.177,NA,NA,0.0443,NA,NA,0.108,NA,0.00315,0.0127,NA,NA,0.046,0.017,0.0233,0.00925,0.0615,0.00443,0.0107,0.0473,NA,0.0034,0.0533,0.00925,0.0186,0.0313
WCPCB_OR-POH002-20190218.1,Multnomah Channel,WCPCB_OR-POH002,2/18/19,45.6194068,-122.800134,pg/L,0.335,0.253,0.56,1.11,0.0183,0.372,0.0575,1.34,0.0613,0.0413,4.39,0.127,NA,0.978,0.578,0.86,1.46,0.46,2.78,1.13,0.938,NA,0.0129,0.377,0.546,0.153,2.24,0.513,NA,0.0948,0.0226,0.743,NA,NA,1.32,0.755,0.11,4.47,3.22,0.148,0.479,2.38,0.438,4.22,0.0182,0.0295,1.11,NA,NA,0.225,0.485,4.64,0.0978,1.18,2.81,0.063,0.995,0.0455,0.011,0.303,NA,0.046,NA,NA,0.297,2.48,0.87,0.752,2.51,0.633,0.0485,3.52,0.709,3.08,0.0277,0.0201,0.068,NA,1.4,NA,0.148,0.278,4.08,NA,NA,0.072,3.4,0.00283,NA,0.0332,0.084,0.0265,NA,0.725,5.69,0.325,0.0451,1.41,0.0493,0.198,1.61,0.559,0.241,0.0751,0.891,NA,0.252,NA,0.887,4.85,NA,0.00278,NA,5.38,0.0179,0.56,0.452,NA,NA,0.0205,0.358,NA,0.202,0.0187,1.14,0.339,0.227,1.18,0.0473,0.151,0.618,0.308,0.664,3.13,0.0173,0.017,0.741,0.0305,NA,1.66,NA,0.0475,0.248,0.0395,NA,0.668,0.328,0.329,0.167,0.973,0.116,0.223,0.56,NA,0.0328,0.563,0.0783,0.246,1.15
WCPCB_OR-POH002-20190218.2,Multnomah Channel,WCPCB_OR-POH002,2/18/19,45.6194068,-122.800134,pg/L,NA,0.133,0.34,0.216,NA,0.126,NA,0.478,NA,NA,1.9,NA,NA,0.49,0.218,0.348,0.628,0.12,1.14,0.433,0.373,NA,NA,0.17,0.221,0.0608,0.878,0.17,NA,0.0578,0.0226,0.483,NA,NA,0.7,0.425,0.0613,2.24,0.645,0.0733,0.263,1.39,0.203,2.1,NA,0.0295,0.73,NA,NA,0.109,0.31,2.85,0.058,0.665,1.91,0.0383,0.268,0.0255,0.011,0.263,NA,0.038,NA,NA,0.224,1.91,0.613,0.615,1.97,0.465,0.0335,2.55,0.518,2.12,0.0227,0.0125,0.0555,NA,1.2,NA,0.122,0.235,3.23,NA,NA,0.0598,2.83,NA,NA,0.0288,0.073,0.0265,NA,0.665,5.23,0.298,0.0403,1.25,0.0493,0.172,1.41,0.488,0.219,0.0645,0.805,NA,0.223,NA,0.8,4.4,NA,NA,NA,4.9,0.0179,0.52,0.405,NA,NA,0.0205,0.323,NA,0.188,0.0187,1.08,0.325,0.215,1.14,0.0473,0.144,0.588,0.293,0.638,3,0.0173,0.017,0.703,0.0305,NA,1.58,NA,0.0475,0.238,0.0373,NA,0.645,0.318,0.315,0.16,0.94,0.113,0.213,0.56,NA,0.0328,0.563,0.0783,0.237,1.14
WCPCB_OR-POH002-20190218.3,Multnomah Channel,WCPCB_OR-POH002,2/18/19,45.6194068,-122.800134,pg/L,0.335,0.119,0.22,0.89,0.0183,0.246,0.0575,0.865,0.0613,0.0413,2.49,0.127,NA,0.488,0.36,0.513,0.835,0.34,1.64,0.698,0.565,NA,0.0129,0.207,0.325,0.0923,1.36,0.343,NA,0.037,NA,0.26,NA,NA,0.615,0.33,0.0488,2.24,2.58,0.0745,0.216,0.988,0.235,2.12,0.0182,NA,0.383,NA,NA,0.116,0.175,1.79,0.0398,0.51,0.898,0.0247,0.728,0.02,NA,0.0405,NA,0.00795,NA,NA,0.0738,0.575,0.258,0.137,0.538,0.168,0.015,0.973,0.191,0.958,0.00498,0.0076,0.0125,NA,0.203,NA,0.0255,0.0425,0.855,NA,NA,0.0123,0.573,0.00283,NA,0.00445,0.011,NA,NA,0.0598,0.468,0.0278,0.00483,0.161,NA,0.0258,0.202,0.071,0.0218,0.0106,0.0855,NA,0.0283,NA,0.087,0.448,NA,0.00278,NA,0.483,NA,0.0395,0.047,NA,NA,NA,0.0355,NA,0.0143,NA,0.053,0.0143,0.012,0.044,NA,0.00793,0.0303,0.0159,0.026,0.132,NA,NA,0.0385,NA,NA,0.0855,NA,NA,0.0103,0.00229,NA,0.0231,0.0103,0.0139,0.00695,0.0325,0.0035,0.0101,NA,NA,NA,NA,NA,0.0093,0.0173
WCPCB_OR-POH003-20190218.1,Willamette River at Kingsley Community Garden,WCPCB_OR-POH003,2/18/19,45.6068885,-122.7841601,pg/L,0.743,0.279,0.335,1.73,0.026,0.436,0.053,1.42,0.067,0.0695,4.96,0.279,NA,1.14,0.65,0.988,1.62,0.696,2.99,1.17,0.958,NA,0.0113,0.417,0.603,0.185,2.33,0.593,0.00905,0.106,0.0576,0.768,NA,0.0167,1.42,0.78,0.111,4.41,3.11,0.164,0.477,2.35,0.485,4.32,0.0263,0.036,1.15,NA,NA,0.263,0.443,4.64,0.107,1.21,2.8,0.0693,0.755,0.049,0.0191,0.341,NA,0.0497,NA,NA,0.426,2.64,0.85,0.775,2.6,0.595,0.0385,3.87,0.805,3.09,0.0272,0.0254,0.0594,NA,1.47,NA,0.158,0.3,4.43,NA,NA,0.0744,3.67,0.0226,NA,0.0526,0.075,0.0192,NA,0.743,5.26,0.306,0.042,1.5,0.0944,0.24,1.77,0.509,0.219,0.0867,0.947,NA,0.185,NA,0.932,4.01,0.0145,NA,NA,4.65,0.014,0.584,0.456,0.0608,NA,NA,0.359,NA,0.235,NA,1.3,0.37,0.236,1.25,0.0438,0.143,0.716,0.337,0.543,3.36,0.0129,0.012,0.799,0.0154,NA,1.71,NA,0.0514,0.257,0.05,NA,0.738,0.319,0.365,0.162,1.01,0.115,0.276,0.635,NA,0.0443,0.653,0.09,0.27,2.56
WCPCB_OR-POH003-20190218.2,Willamette River at Kingsley Community Garden,WCPCB_OR-POH003,2/18/19,45.6068885,-122.7841601,pg/L,0.303,0.121,NA,0.433,NA,0.197,NA,0.64,NA,NA,2.38,0.163,NA,0.7,0.245,0.423,0.645,0.164,1.36,0.54,0.438,NA,NA,0.223,0.275,0.0823,1.04,0.155,NA,0.0683,0.0458,0.528,NA,0.0167,0.805,0.44,0.0533,2.44,0.83,0.0785,0.26,1.27,0.215,2.23,NA,0.036,0.773,NA,NA,0.154,0.29,2.83,0.066,0.695,1.84,0.0445,0.255,0.0247,0.0191,0.295,NA,0.0365,NA,NA,0.35,2.04,0.605,0.628,2.03,0.418,0.027,2.8,0.59,2.08,0.0171,0.0138,0.0438,NA,1.27,NA,0.128,0.25,3.5,NA,NA,0.0645,3.03,0.0174,NA,0.0483,0.0555,0.0192,NA,0.67,4.63,0.265,0.034,1.33,0.0755,0.206,1.5,0.433,0.193,0.0745,0.838,NA,0.157,NA,0.813,3.45,0.0145,NA,NA,4.05,0.014,0.538,0.403,0.0568,NA,NA,0.313,NA,0.213,NA,1.23,0.353,0.218,1.19,0.0398,0.133,0.68,0.31,0.513,3.13,0.0129,0.012,0.753,0.0154,NA,1.57,NA,0.0448,0.239,0.047,NA,0.663,0.295,0.338,0.149,0.908,0.11,0.265,0.573,NA,0.0385,0.575,0.0748,0.245,2.53
WCPCB_OR-POH003-20190218.3,Willamette River at Kingsley Community Garden,WCPCB_OR-POH003,2/18/19,45.6068885,-122.7841601,pg/L,0.44,0.159,0.335,1.3,0.026,0.239,0.053,0.775,0.067,0.0695,2.58,0.116,NA,0.438,0.405,0.565,0.975,0.533,1.63,0.628,0.52,NA,0.0113,0.194,0.328,0.103,1.28,0.438,0.00905,0.0375,0.0119,0.241,NA,NA,0.615,0.34,0.0573,1.97,2.28,0.085,0.217,1.08,0.27,2.09,0.0263,NA,0.378,NA,NA,0.109,0.153,1.82,0.0408,0.515,0.955,0.0248,0.5,0.0243,NA,0.0458,NA,0.0132,NA,NA,0.076,0.6,0.245,0.148,0.57,0.178,0.0115,1.07,0.215,1.02,0.0101,0.0116,0.0157,NA,0.203,NA,0.0298,0.0503,0.925,NA,NA,0.00988,0.64,0.00515,NA,0.0043,0.0195,NA,NA,0.0733,0.63,0.0413,0.00803,0.177,0.0189,0.0348,0.265,0.076,0.0258,0.0122,0.109,NA,0.0283,NA,0.12,0.555,NA,NA,NA,0.603,NA,0.0468,0.053,0.004,NA,NA,0.046,NA,0.0222,NA,0.0748,0.018,0.0185,0.0643,0.00403,0.00933,0.0355,0.0268,0.03,0.234,NA,NA,0.0468,NA,NA,0.133,NA,0.00668,0.0181,0.003,NA,0.0758,0.0243,0.027,0.0132,0.104,0.00525,0.0111,0.062,NA,0.00575,0.0775,0.0153,0.0255,0.0375